Company,Ticker,Exchange,Currency
1000MERCIS,ALMIL.PA,Euronext Growth Paris,EUR
2CRSI,2CRSI.PA,Euronext Paris,EUR
2MX ORGANIC,2MX.PA,Euronext Paris,EUR
2MX ORGANIC BS,2MXBS.PA,Euronext Paris,EUR
A TOUTE VITESSE,MLATV.PA,Euronext Access Paris,EUR
A.S.T. GROUPE,ASP.PA,Euronext Paris,EUR
AALBERTS NV,AALB.PA,Euronext Amsterdam,EUR
AB INBEV,ABI.PA,Euronext Brussels,EUR
AB SCIENCE,AB.PA,Euronext Paris,EUR
ABC ARBITRAGE,ABCA.PA,Euronext Paris,EUR
ABEO,ABEO.PA,Euronext Paris,EUR
ABIONYX PHARMA,ABNX.PA,Euronext Paris,EUR
ABIVAX,ABVX.PA,Euronext Paris,EUR
ABN AMRO BANK N.V.,ABN.PA,Euronext Amsterdam,EUR
ACACIA PHARMA,ACPH.PA,Euronext Brussels,EUR
ACANTHE DEV.,ACAN.PA,Euronext Paris,EUR
ACCELL GROUP,ACCEL.PA,Euronext Amsterdam,EUR
ACCENTIS,ACCB.PA,Euronext Brussels,EUR
ACCOR,AC.PA,Euronext Paris,EUR
ACCOR AC SHARES,AAC.PA,Euronext Paris,EUR
ACCOR AC WARRANTS,AACW.PA,Euronext Paris,EUR
ACCOR NV21,ACNV.PA,Euronext Paris,EUR
ACCSYS,AXS.PA,Euronext Amsterdam,EUR
ACHETER-LOUER.FR,ALALO.PA,Euronext Growth Paris,EUR
ACKERMANS V.HAAREN,ACKB.PA,Euronext Brussels,EUR
ACTEOS,EOS.PA,Euronext Paris,EUR
ACTIA GROUP,ATI.PA,Euronext Paris,EUR
ACTIVIUM GROUP,MLACT.PA,Euronext Access Paris,EUR
ADA,ALADA.PA,Euronext Growth Paris,EUR
ADC SIIC,ALDV.PA,Euronext Paris,EUR
ADEUNIS,ALARF.PA,Euronext Growth Paris,EUR
ADOCIA,ADOC.PA,Euronext Paris,EUR
ADOMOS,ALADO.PA,Euronext Growth Paris,EUR
ADP,ADP.PA,Euronext Paris,EUR
ADTHINK,ALADM.PA,Euronext Growth Paris,EUR
ADVENIS,ALADV.PA,Euronext Growth Paris,EUR
ADVINI,ADVI.PA,Euronext Paris,EUR
ADYEN,ADYEN.PA,Euronext Amsterdam,EUR
AEGON,AGN.PA,Euronext Amsterdam,EUR
AERKOMM INC,AKOM.PA,Euronext Paris,EUR
AFFLUENT MEDICAL,AFME.PA,Euronext Paris,EUR
AFYREN,ALAFY.PA,Euronext Growth Paris,EUR
AG3I,MLAGI.PA,Euronext Access Paris,EUR
AGEAS,AGS.PA,Euronext Brussels,EUR
AGFA-GEVAERT,AGFB.PA,Euronext Brussels,EUR
AGP MALAGA SOCIMI,MLAGP.PA,Euronext Access Paris,EUR
AGRIPOWER,ALAGP.PA,Euronext Growth Paris,EUR
AGROGENERATION,ALAGR.PA,Euronext Growth Paris,EUR
AGUAS DA CURIA,CUR.PA,Euronext Access Lisbon,EUR
AIB GROUP PLC,A5G.PA,Euronext Dublin,EUR
AIR LIQUIDE,AI.PA,Euronext Paris,EUR
AIR MARINE,MLAIM.PA,Euronext Access Paris,EUR
AIRBUS,AIR.PA,Euronext Paris,EUR
AIRTIME,ALAIR.PA,Euronext Growth Paris,EUR
AIRWELL,MLAIR.PA,Euronext Access Paris,EUR
AJAX,AJAX.PA,Euronext Amsterdam,EUR
AKWEL,AKW.PA,Euronext Paris,EUR
AKZO NOBEL,AKZA.PA,Euronext Amsterdam,EUR
ALAN ALLMAN,AAA.PA,Euronext Paris,EUR
ALBIOMA,ABIO.PA,Euronext Paris,EUR
ALCHIMIE,ALCHI.PA,Euronext Growth Paris,EUR
ALD,ALD.PA,Euronext Paris,EUR
ALEPH FINANCE,MLALE.PA,Euronext Access Paris,EUR
ALFEN,ALFEN.PA,Euronext Amsterdam,EUR
ALLFUNDS GROUP,ALLFG.PA,Euronext Amsterdam,EUR
ALMUNDA PRO NV,AMUND.PA,Euronext Amsterdam,EUR
ALPES (Cie) NV21,CDANV.PA,Euronext Paris,EUR
ALPES (COMPAGNIE),CDA.PA,Euronext Paris,EUR
ALPHA M.O.S. DS,ALMDS.PA,Euronext Paris,EUR
ALPHA MOS,ALM.PA,Euronext Paris,EUR
ALSTOM,ALO.PA,Euronext Paris,EUR
ALTAMIR,LTA.PA,Euronext Paris,EUR
ALTAREA,ALTA.PA,Euronext Paris,EUR
ALTAREIT,AREIT.PA,Euronext Paris,EUR
ALTEN,ATE.PA,Euronext Paris,EUR
ALTHEORA,ALORA.PA,Euronext Growth Paris,EUR
ALTRI SGPS,ALTR.PA,Euronext Lisbon,EUR
ALTUR INVEST.,ALTUR.PA,Euronext Paris,EUR
ALUMEXX N.V.,ALX.PA,Euronext Amsterdam,EUR
ALVEEN,MLALV.PA,Euronext Access Paris,EUR
AMA CORPORATION,ALAMA.PA,Euronext Growth Paris,EUR
AMATHEON AGRI,MLAAH.PA,Euronext Access Paris,EUR
AMG,AMG.PA,Euronext Amsterdam,EUR
AMOEBA,ALMIB.PA,Euronext Growth Paris,EUR
AMPLITUDE SURGICAL,AMPLI.PA,Euronext Paris,EUR
AMSTERDAM COMMOD.,ACOMO.PA,Euronext Amsterdam,EUR
AMUNDI,AMUN.PA,Euronext Paris,EUR
ANTARES CERT,ANT.PA,Euronext Brussels,EUR
ANTEVENIO,ALANT.PA,Euronext Growth Paris,EUR
ANTIN INFRA PARTN,ANTIN.PA,Euronext Paris,EUR
APTORUM GROUP CL A,APM.PA,Euronext Paris,EUR
AQUILA,ALAQU.PA,Euronext Growth Paris,EUR
ARAMIS GROUP,ARAMI.PA,Euronext Paris,EUR
ARCADIS,ARCAD.PA,Euronext Amsterdam,EUR
ARCHOS,ALJXR.PA,Euronext Growth Paris,EUR
ARCURE,ALCUR.PA,Euronext Growth Paris,EUR
ARDOIN ST AMAND A,MLARD.PA,Euronext Access Paris,EUR
ARDOIN ST AMAND B,ARDO.PA,Euronext Access Paris,EUR
ARGAN,ARG.PA,Euronext Paris,EUR
ARGENX SE,ARGX.PA,Euronext Brussels,EUR
ARIMELIA ITG,MLARI.PA,Euronext Access Paris,EUR
ARKEMA,AKE.PA,Euronext Paris,EUR
AROCA DEL PINAR,MLARO.PA,Euronext Access Paris,EUR
ARTEA,ARTE.PA,Euronext Paris,EUR
ARTEFACT,ALATF.PA,Euronext Growth Paris,EUR
ARTMARKET COM,PRC.PA,Euronext Paris,EUR
ARTOIS NOM.,ARTO.PA,Euronext Paris,EUR
ASCENCIO,ASC.PA,Euronext Brussels,EUR
ASHLER ET MANSON,MLAEM.PA,Euronext Access Paris,EUR
ASM INTERNATIONAL,ASM.PA,Euronext Amsterdam,EUR
ASML HOLDING,ASML.PA,Euronext Amsterdam,EUR
ASR NEDERLAND,ASRNL.PA,Euronext Amsterdam,EUR
ASSICURAZ.GEN.ORD.,GEN.PA,Traded not listed Brussels,EUR
ASSYSTEM,ASY.PA,Euronext Paris,EUR
ATARI,ATA.PA,Euronext Paris,EUR
ATEME,ATEME.PA,Euronext Paris,EUR
ATENOR,ATEB.PA,Euronext Brussels,EUR
ATOS,ATO.PA,Euronext Paris,EUR
ATRIUM EUR REALEST,ATRS.PA,Euronext Amsterdam,EUR
AUBAY,AUB.PA,Euronext Paris,EUR
AUDACIA,ALAUD.PA,Euronext Growth Paris,EUR
AUDIENCE LABS,MLAUD.PA,Euronext Access Paris,EUR
AUGROS COSMETICS,AUGR.PA,Euronext Paris,EUR
AUPLATA MINING GR,ALAMG.PA,Euronext Growth Paris,EUR
AUREA,AURE.PA,Euronext Paris,EUR
AURES TECHNOLOGIES,AURS.PA,Euronext Paris,EUR
AVENIR TELECOM,AVT.PA,Euronext Paris,EUR
AXA,CS.PA,Euronext Paris,EUR
AXWAY SOFTWARE,AXW.PA,Euronext Paris,EUR
AZ LEASING,MLAZL.PA,Euronext Access Paris,EUR
AZELIS GROUP,AZE.PA,Euronext Brussels,EUR
AZOREAN TECH,MLAAT.PA,Euronext Access Paris,EUR
B&S Group,BSGR.PA,Euronext Amsterdam,EUR
B.COM.PORTUGUES,BCP.PA,Euronext Lisbon,EUR
BAIKOWSKI,ALBKK.PA,Euronext Growth Paris,EUR
BAINS MER MONACO,BAIN.PA,Euronext Paris,EUR
BALTA GROUP,BALTA.PA,Euronext Brussels,EUR
BALYO,BALYO.PA,Euronext Paris,EUR
BAM GROEP KON,BAMNB.PA,Euronext Amsterdam,EUR
BANCO BILBAO VIZC.,BBV.PA,Traded not listed Brussels,EUR
BANCO SANTANDER,SANTA.PA,Traded not listed Brussels,EUR
BANIMMO A,BANI.PA,Euronext Brussels,EUR
BANK OF IR NC PREF,DD7E.PA,Euronext Dublin,EUR
BANK OF IR NCP STF,DD7D.PA,Euronext Dublin,EUR
BANK OF IRELAND GP,BIRG.PA,Euronext Dublin,EUR
BARBARA BUI,BUI.PA,Euronext Paris,EUR
BARCO,BAR.PA,Euronext Brussels,EUR
BARINGS CORE SPAIN,MLBAR.PA,Euronext Access Paris,EUR
BASIC-FIT,BFIT.PA,Euronext Amsterdam,EUR
BASILIX CERT,BAS.PA,Euronext Brussels,EUR
BASSAC,BASS.PA,Euronext Paris,EUR
BASTIDE LE CONFORT,BLC.PA,Euronext Paris,EUR
BATLA MINERALS,MLBAT.PA,Euronext Access Paris,EUR
BD MULTI MEDIA,ALBDM.PA,Euronext Growth Paris,EUR
BE SEMICONDUCTOR,BESI.PA,Euronext Amsterdam,EUR
BEACONSMIND,MLBMD.PA,Euronext Access Paris,EUR
BEAULIEU-AV. CERT,BEAB.PA,Euronext Brussels,EUR
BEFIMMO,BEFB.PA,Euronext Brussels,EUR
BEKAERT,BEKB.PA,Euronext Brussels,EUR
BEL,FBEL.PA,Euronext Paris,EUR
BELIEVE,BLV.PA,Euronext Paris,EUR
BELRECA,BELR.PA,Euronext Brussels,EUR
BELUGA,BELU.PA,Euronext Brussels,EUR
BENETEAU,BEN.PA,Euronext Paris,EUR
BENFICA,SLBEN.PA,Euronext Lisbon,EUR
BERNARD LOISEAU,ALDBL.PA,Euronext Growth Paris,EUR
BETER BED,BBED.PA,Euronext Amsterdam,EUR
BEVER HOLDING,BEVER.PA,Euronext Amsterdam,EUR
BIC,BB.PA,Euronext Paris,EUR
BIGBEN INTERACTIVE,BIG.PA,Euronext Paris,EUR
BILENDI,ALBLD.PA,Euronext Growth Paris,EUR
BIOCARTIS,BCART.PA,Euronext Brussels,EUR
BIOCORP,ALCOR.PA,Euronext Growth Paris,EUR
BIOMERIEUX,BIM.PA,Euronext Paris,EUR
BIOPHYTIS,ALBPS.PA,Euronext Growth Paris,EUR
BIOPHYTIS BSA,BPSBS.PA,Euronext Growth Paris,EUR
BIOSYNEX,ALBIO.PA,Euronext Growth Paris,EUR
BIOSYNEX BSAR,BIOBS.PA,Euronext Growth Paris,EUR
BIOTALYS,BTLS.PA,Euronext Brussels,EUR
BIO-UV GROUP,ALTUV.PA,Euronext Growth Paris,EUR
BLEECKER,BLEE.PA,Euronext Paris,EUR
BLUE SHARK POWER,MLBSP.PA,Euronext Access Paris,EUR
BLUELINEA,ALBLU.PA,Euronext Growth Paris,EUR
BLUELINEA BSA Y,BLUBT.PA,Euronext Growth Paris,EUR
BNP PARIBAS ACT.A,BNP.PA,Euronext Paris,EUR
BOA CONCEPT,ALBOA.PA,Euronext Growth Paris,EUR
BODY ONE,MLONE.PA,Euronext Access Paris,EUR
BOIRON,BOI.PA,Euronext Paris,EUR
BOLLORE,BOL.PA,Euronext Paris,EUR
BONDUELLE,BON.PA,Euronext Paris,EUR
BOOSTHEAT,ALBOO.PA,Euronext Growth Paris,EUR
BOSKALIS WESTMIN,BOKA.PA,Euronext Amsterdam,EUR
BOURRELIER GROUP,ALBOU.PA,Euronext Growth Paris,EUR
BOURSE DIRECT,BSD.PA,Euronext Paris,EUR
BOUSSARD GAVAUDAN,BGHL.PA,Euronext Amsterdam,EUR
BOUYGUES,EN.PA,Euronext Paris,EUR
BPOST,BPOST.PA,Euronext Brussels,EUR
BQUE NAT. BELGIQUE,BNB.PA,Euronext Brussels,EUR
BREDERODE,BREB.PA,Euronext Brussels,EUR
BRILL KON,BRILL.PA,Euronext Amsterdam,EUR
BRUNEL INTERNAT,BRNL.PA,Euronext Amsterdam,EUR
BUREAU VERITAS,BVI.PA,Euronext Paris,EUR
BURELLE,BUR.PA,Euronext Paris,EUR
CA TOULOUSE 31 CCI,CAT31.PA,Euronext Paris,EUR
CABASSE GROUP,ALCG.PA,Euronext Growth Paris,EUR
CAFOM,CAFO.PA,Euronext Paris,EUR
CAIRE,MLAAE.PA,Euronext Access Paris,EUR
CAIRN HOMES PLC,C5H.PA,Euronext Dublin,EUR
CAMBODGE NOM.,CBDG.PA,Euronext Paris,EUR
CAMPINE,CAMB.PA,Euronext Brussels,EUR
CANDELA INVEST,CAND.PA,Euronext Growth Brussels,EUR
CAPELLI,CAPLI.PA,Euronext Paris,EUR
CAPGEMINI,CAP.PA,Euronext Paris,EUR
CARBIOS,ALCRB.PA,Euronext Growth Paris,EUR
CARE PROPERTY INV.,CPINV.PA,Euronext Brussels,EUR
CARMAT,ALCAR.PA,Euronext Growth Paris,EUR
CARMILA,CARM.PA,Euronext Paris,EUR
CARPINIENNE PART.,CARP.PA,Euronext Paris,EUR
CARREFOUR,CA.PA,Euronext Paris,EUR
CASINO GUICHARD,CO.PA,Euronext Paris,EUR
CAST,CAS.PA,Euronext Paris,EUR
CATANA GROUP,CATG.PA,Euronext Paris,EUR
CATERING INTL SCES,CTRG.PA,Euronext Paris,EUR
CATERPILLAR INC,CATR.PA,Euronext Paris,EUR
CBO TERRITORIA,CBOT.PA,Euronext Paris,EUR
CECURITY.COM,MLCEC.PA,Euronext Access Paris,EUR
CEGEDIM,CGM.PA,Euronext Paris,EUR
CELLECTIS,ALCLS.PA,Euronext Growth Paris,EUR
CENERGY,CENER.PA,Euronext Brussels,EUR
CERINNOV GROUP,ALPCV.PA,Euronext Growth Paris,EUR
CESAR,ALCES.PA,Euronext Growth Paris,EUR
CESYNT A SHARES,MLCSA.PA,Euronext Access Paris,EUR
CESYNT B SHARES,MLCSB.PA,Euronext Access Paris,EUR
CFE,CFEB.PA,Euronext Brussels,EUR
CFI,CFI.PA,Euronext Paris,EUR
CFM INDOSUEZWEALTH,MLCFM.PA,Euronext Access Paris,EUR
CGG,CGG.PA,Euronext Paris,EUR
CGG BSA 1,CGGBS.PA,Euronext Paris,EUR
CGG BSA 2,CGGBT.PA,Euronext Paris,EUR
CH.FER DEPARTEMENT,MLCFD.PA,Euronext Access Paris,EUR
CH.FER VAR GARD N.,MLCVG.PA,Euronext Access Paris,EUR
CHARGEURS,CRI.PA,Euronext Paris,EUR
CHAUSSERIA,CHSR.PA,Euronext Paris,EUR
CHEOPS TECHNOLOGY,MLCHE.PA,Euronext Access Paris,EUR
CHOICE,MLTV.PA,Euronext Access Brussels,EUR
CHRISTIAN DIOR,CDI.PA,Euronext Paris,EUR
CIBOX INTER A CTIV,CIB.PA,Euronext Paris,EUR
CIE BOIS SAUVAGE,COMB.PA,Euronext Brussels,EUR
CIE DU MONT BLANC,MLCMB.PA,Euronext Access Paris,EUR
CIOA,MLCIO.PA,Euronext Access Paris,EUR
CLARANOVA,CLA.PA,Euronext Paris,EUR
CLASQUIN,ALCLA.PA,Euronext Growth Paris,EUR
CM.COM,CMCOM.PA,Euronext Amsterdam,EUR
CNIM GROUP,COM.PA,Euronext Paris,EUR
CNOVA,CNV.PA,Euronext Paris,EUR
CNP ASSURANCES,CNP.PA,Euronext Paris,EUR
CO.PA.HA,COBH.PA,Euronext Growth Brussels,EUR
Coca-ColaEuropacif,CCEP.PA,Euronext Amsterdam,EUR
COFACE,COFA.PA,Euronext Paris,EUR
COFIDUR,ALCOF.PA,Euronext Growth Paris,EUR
COFINIMMO,COFB.PA,Euronext Brussels,EUR
COGELEC,ALLEC.PA,Euronext Growth Paris,EUR
COGRA,ALCOG.PA,Euronext Growth Paris,EUR
COHERIS,COH.PA,Euronext Paris,EUR
COIL,ALCOI.PA,Euronext Growth Paris,EUR
COLAS,RE.PA,Euronext Paris,EUR
COLIPAYS,MLCLP.PA,Euronext Access Paris,EUR
COLRUYT,COLR.PA,Euronext Brussels,EUR
COMPAGNIE ODET,ODET.PA,Euronext Paris,EUR
CONDOR TECHNOLOG,MLMFI.PA,Euronext Access Paris,EUR
CONDURIL,CDU.PA,Euronext Access Lisbon,EUR
CONSORT NT,MLCNT.PA,Euronext Access Paris,EUR
CONSTRUCTEURS BOIS,MLLCB.PA,Euronext Access Paris,EUR
COPAM,CPA.PA,Euronext Access Lisbon,EUR
CORBION,CRBN.PA,Euronext Amsterdam,EUR
CORE LABORATORIES,CLB.PA,Euronext Amsterdam,EUR
COREP LIGHTING,MLCOR.PA,Euronext Access Paris,EUR
CORRE ENERGY B.V.,CORRE.PA,Euronext Growth Dublin,EUR
CORTICEIRA AMORIM,COR.PA,Euronext Lisbon,EUR
COURBET,MLCOU.PA,Euronext Access Paris,EUR
COURTOIS,COUR.PA,Euronext Paris,EUR
COVIVIO,COV.PA,Euronext Paris,EUR
COVIVIO HOTELS,COVH.PA,Euronext Paris,EUR
CRCAM ALP.PROV.CCI,CRAP.PA,Euronext Paris,EUR
CRCAM ATL.VEND.CCI,CRAV.PA,Euronext Paris,EUR
CRCAM BRIE PIC2CCI,CRBP2.PA,Euronext Paris,EUR
CRCAM ILLE-VIL.CCI,CIV.PA,Euronext Paris,EUR
CRCAM LANGUED CCI,CRLA.PA,Euronext Paris,EUR
CRCAM LOIRE HTE L.,CRLO.PA,Euronext Paris,EUR
CRCAM MORBIHAN CCI,CMO.PA,Euronext Paris,EUR
CRCAM NORD CCI,CNF.PA,Euronext Paris,EUR
CRCAM NORM.SEINE,CCN.PA,Euronext Paris,EUR
CRCAM PARIS ET IDF,CAF.PA,Euronext Paris,EUR
CRCAM SUD R.A.CCI,CRSU.PA,Euronext Paris,EUR
CRCAM TOURAINE CCI,CRTO.PA,Euronext Paris,EUR
CREDIT AGRICOLE,ACA.PA,Euronext Paris,EUR
CRESCENT,OPTI.PA,Euronext Brussels,EUR
CRH PLC 5PCCumPref,DD8A.PA,Euronext Dublin,EUR
CRH PLC 7PCCumPref,DD8B.PA,Euronext Dublin,EUR
CRH PLC ord,CRG.PA,Euronext Dublin,EUR
CROSSJECT,ALCJ.PA,Euronext Growth Paris,EUR
CROSSWOOD,CROS.PA,Euronext Paris,EUR
CS GROUP.,SX.PA,Euronext Paris,EUR
CTAC,CTAC.PA,Euronext Amsterdam,EUR
CTC ORD SHARES,CTCA1.PA,Euronext Amsterdam,EUR
CTC TREAS SHARES,CTCT1.PA,Euronext Amsterdam,EUR
CTC WARRANTS,CTCW1.PA,Euronext Amsterdam,EUR
CTP,CTPNV.PA,Euronext Amsterdam,EUR
CTT CORREIOS PORT,CTT.PA,Euronext Lisbon,EUR
CUMULEX,CLEX.PA,Euronext Brussels,EUR
CYBERGUN,ALCYB.PA,Euronext Growth Paris,EUR
CYBERGUN BSA 2,CYBBT.PA,Euronext Growth Paris,EUR
CYBERGUN BSA K1,CYBK1.PA,Euronext Growth Paris,EUR
CYBERGUN BSA K2A,CYBKA.PA,Euronext Growth Paris,EUR
CYBERGUN BSA K2B,CYBKB.PA,Euronext Growth Paris,EUR
D.L.S.I.,ALDLS.PA,Euronext Growth Paris,EUR
DALATA HOTEL GP.,DHG.PA,Euronext Dublin,EUR
DAMARIS,MLDAM.PA,Euronext Access Paris,EUR
DAMARTEX,ALDAR.PA,Euronext Growth Paris,EUR
DANONE,BN.PA,Euronext Paris,EUR
DASSAULT AVIATION,AM.PA,Euronext Paris,EUR
DASSAULT SYSTEMES,DSY.PA,Euronext Paris,EUR
DATALEX PLC,DLE.PA,Euronext Growth Dublin,EUR
DBT,ALDBT.PA,Euronext Growth Paris,EUR
DBV TECHNOLOGIES,DBV.PA,Euronext Paris,EUR
DECEUNINCK,DECB.PA,Euronext Brussels,EUR
DEE TECH SHARES,DEE.PA,Euronext Paris,EUR
DEE TECH WARRANTS,DEEW.PA,Euronext Paris,EUR
DEINOVE,ALDEI.PA,Euronext Growth Paris,EUR
DEKUPLE,DKUPL.PA,Euronext Paris,EUR
DELFINGEN,ALDEL.PA,Euronext Growth Paris,EUR
DELTA DRONE,ALDR.PA,Euronext Growth Paris,EUR
DELTA DRONE BSA Y,ALDBY.PA,Euronext Growth Paris,EUR
DELTA PLUS GROUP,DLTA.PA,Euronext Paris,EUR
DERICHEBOURG,DBG.PA,Euronext Paris,EUR
DESIGN YOUR HOME,MLDYH.PA,Euronext Access Paris,EUR
DEUTSCHE TELEKOM,DTEL.PA,Traded not listed Brussels,EUR
DEVERNOIS,ALDEV.PA,Euronext Growth Paris,EUR
DEVOTEAM,DVT.PA,Euronext Paris,EUR
DEXIA,DEXB.PA,Euronext Expert Market,EUR
DGB GROUP N.V.,DGB.PA,Euronext Amsterdam,EUR
DIAGEO,DGE.PA,Euronext Paris,EUR
DIAGEO PLC,GUI1.PA,Euronext Dublin,EUR
DIAGNOSTIC MEDICAL,DGM.PA,Euronext Paris,EUR
DIEGEM KENNEDYCERT,DIEG.PA,Euronext Brussels,EUR
D'IETEREN GROUP,DIE.PA,Euronext Brussels,EUR
DISTRI-LAND CERT,DISL.PA,Euronext Brussels,EUR
DNXCORP,ALDNX.PA,Euronext Growth Paris,EUR
DOCK.PETR.AMBES AM,DPAM.PA,Euronext Paris,EUR
DOLFINES,ALDOL.PA,Euronext Growth Paris,EUR
DONEGAL INVESTMENT,DQ7A.PA,Euronext Growth Dublin,EUR
DONTNOD,ALDNE.PA,Euronext Growth Paris,EUR
DPA GROUP,DPA.PA,Euronext Amsterdam,EUR
DRAPER ESPRIT PLC,GRW.PA,Euronext Dublin,EUR
DRONE VOLT,ALDRV.PA,Euronext Growth Paris,EUR
DSC2,DSC2.PA,Euronext Amsterdam,EUR
DSC2 TREAS SHARES,DSC2S.PA,Euronext Amsterdam,EUR
DSM KON,DSM.PA,Euronext Amsterdam,EUR
DUTCH STAR C W11,DSCW1.PA,Euronext Amsterdam,EUR
DUTCH STAR C W12,DSCW2.PA,Euronext Amsterdam,EUR
DUTCH STAR C W13,DSCW3.PA,Euronext Amsterdam,EUR
DYNAFOND,MLDYN.PA,Euronext Access Paris,EUR
DYNEX ENERGY SA,MLDYX.PA,Euronext Access Paris,EUR
E PANGO,ALAGO.PA,Euronext Growth Paris,EUR
E.ON SE,EON.PA,Traded not listed Brussels,EUR
EASE2PAY NV,EAS2P.PA,Euronext Amsterdam,EUR
EASSON HOLDINGS,MLEAS.PA,Euronext Access Paris,EUR
EAUX DE ROYAN,MLEDR.PA,Euronext Access Paris,EUR
EAVS,MLEAV.PA,Euronext Access Paris,EUR
ECOLUTIONS,MLECO.PA,Euronext Access Paris,EUR
ECOMIAM,ALECO.PA,Euronext Growth Paris,EUR
ECONOCOM GROUP,ECONB.PA,Euronext Brussels,EUR
ECOSLOPS,ALESA.PA,Euronext Growth Paris,EUR
EDENRED,EDEN.PA,Euronext Paris,EUR
EDF,EDF.PA,Euronext Paris,EUR
EDILIZIACROBATICA,ALEAC.PA,Euronext Growth Paris,EUR
EDITIONS DU SIGNE,MLEDS.PA,Euronext Access Paris,EUR
EDP,EDP.PA,Euronext Lisbon,EUR
EDP RENOVAVEIS,EDPR.PA,Euronext Lisbon,EUR
EDUNIVERSAL,MLEDU.PA,Euronext Access Paris,EUR
EES,MLEES.PA,Euronext Access Paris,EUR
EFIC1 ORD SHARES,EFIC1.PA,Euronext Amsterdam,EUR
EFIC1 TREASURY SH,EFICT.PA,Euronext Amsterdam,EUR
EFIC1 WARRANTS,EFICW.PA,Euronext Amsterdam,EUR
EGIDE,GID.PA,Euronext Paris,EUR
EIFFAGE,FGR.PA,Euronext Paris,EUR
EKINOPS,EKI.PA,Euronext Paris,EUR
EKOPAK,EKOP.PA,Euronext Brussels,EUR
ELEC.STRASBOURG,ELEC.PA,Euronext Paris,EUR
ELECT. MADAGASCAR,EEM.PA,Euronext Paris,EUR
ELIA GROUP,ELI.PA,Euronext Brussels,EUR
ELIOR GROUP,ELIOR.PA,Euronext Paris,EUR
ELIS,ELIS.PA,Euronext Paris,EUR
EMAKINA GROUP,ALEMK.PA,Euronext Growth Brussels,EUR
EMD MUSIC,EMD.PA,Euronext Expert Market,EUR
EMOVA GROUP,ALEMV.PA,Euronext Growth Paris,EUR
ENCRES DUBUIT,ALDUB.PA,Euronext Growth Paris,EUR
ENENSYS,ALNN6.PA,Euronext Growth Paris,EUR
ENERGISME,ALNRG.PA,Euronext Growth Paris,EUR
ENERTIME,ALENE.PA,Euronext Growth Paris,EUR
ENI,ENI.PA,Traded not listed Brussels,EUR
ENOGIA,ALENO.PA,Euronext Growth Paris,EUR
ENTECH,ALESE.PA,Euronext Growth Paris,EUR
ENTP ORD SHARES,ENTPA.PA,Euronext Amsterdam,EUR
ENTP TREAS SHARES,ENTPT.PA,Euronext Amsterdam,EUR
ENTP WARRANTS,ENTPW.PA,Euronext Amsterdam,EUR
ENTREPARTICULIERS,ALENT.PA,Euronext Growth Paris,EUR
ENTREPRENDRE,ALENR.PA,Euronext Growth Paris,EUR
ENVEA,ALTEV.PA,Euronext Growth Paris,EUR
ENVIPCO,ENVI.PA,Euronext Amsterdam,EUR
EO2,ALEO2.PA,Euronext Growth Paris,EUR
ERAMET,ERA.PA,Euronext Paris,EUR
ERYTECH PHARMA,ERYP.PA,Euronext Paris,EUR
ESG CORE INVEST,ESG.PA,Euronext Amsterdam,EUR
ESG CORE TREAS SHA,ESGT.PA,Euronext Amsterdam,EUR
ESG CORE WARRANTS,ESGWA.PA,Euronext Amsterdam,EUR
ESI GROUP,ESI.PA,Euronext Paris,EUR
ESKER,ALESK.PA,Euronext Growth Paris,EUR
ESSILORLUXOTTICA,EL.PA,Euronext Paris,EUR
ESSO,ES.PA,Euronext Paris,EUR
ESTORIL SOL N,ESON.PA,Euronext Lisbon,EUR
EURASIA FONC INV,EFI.PA,Euronext Paris,EUR
EURASIA GROUPE,ALEUA.PA,Euronext Growth Paris,EUR
EURAZEO,RF.PA,Euronext Paris,EUR
EURO RESSOURCES,EUR.PA,Euronext Paris,EUR
EUROBIO-SCIENTIFIC,ALERS.PA,Euronext Growth Paris,EUR
EUROCASTLE INVEST.,ECT.PA,Euronext Amsterdam,EUR
EUROFINS CEREP,ALECR.PA,Euronext Growth Paris,EUR
EUROFINS SCIENT.,ERF.PA,Euronext Paris,EUR
EUROLAND CORPORATE,MLERO.PA,Euronext Access Paris,EUR
EUROLOG CANOLA,MLCAN.PA,Euronext Access Paris,EUR
EUROMEDIS GROUPE,ALEMG.PA,Euronext Growth Paris,EUR
EURONAV,EURN.PA,Euronext Brussels,EUR
EURONEXT,ENXP.PA,Euronext Lisbon,EUR
EUROPACORP,ECP.PA,Euronext Paris,EUR
EUROPCAR MOBILITY,EUCAR.PA,Euronext Paris,EUR
EUROPLASMA,ALEUP.PA,Euronext Growth Paris,EUR
EUROPLASMA BSC,EURBU.PA,Euronext Growth Paris,EUR
EUTELSAT COMMUNIC.,ETL.PA,Euronext Paris,EUR
EVERGREEN,EGR.PA,Euronext Paris,EUR
EVERSET,MLEVE.PA,Euronext Access Paris,EUR
EVOLIS,ALTVO.PA,Euronext Growth Paris,EUR
EVS BROADC.EQUIPM.,EVS.PA,Euronext Brussels,EUR
EXACOMPTA CLAIREF.,ALEXA.PA,Euronext Growth Paris,EUR
EXCLUSIVE NETWORKS,EXN.PA,Euronext Paris,EUR
EXEL INDUSTRIES,EXE.PA,Euronext Paris,EUR
EXMAR,EXM.PA,Euronext Brussels,EUR
EXPLOSIFS PROD.CHI,EXPL.PA,Euronext Paris,EUR
FACEPHI,ALPHI.PA,Euronext Growth Paris,EUR
FAIFEY INVEST,MLECE.PA,Euronext Access Paris,EUR
FARMINVESTE,MLFMV.PA,Euronext Access Lisbon,EUR
FASHION B AIR,ALFBA.PA,Euronext Growth Paris,EUR
FASTNED,FAST.PA,Euronext Amsterdam,EUR
FAURECIA,EO.PA,Euronext Paris,EUR
FAUVET GIREL,FAUV.PA,Euronext Paris,EUR
FAYENC.SARREGUEMI.,FAYE.PA,Euronext Paris,EUR
FBD HOLDINGS PLC,EG7.PA,Euronext Dublin,EUR
FD,MLFDV.PA,Euronext Access Paris,EUR
FD TECHNOLOGIES,GYQ.PA,Euronext Growth Dublin,EUR
FDJ,FDJ.PA,Euronext Paris,EUR
FERM.CAS.MUN.CANNE,FCMC.PA,Euronext Paris,EUR
FERMENTALG,FALG.PA,Euronext Paris,EUR
FIDUCIAL OFF.SOL.,SACI.PA,Euronext Paris,EUR
FIDUCIAL REAL EST.,ORIA.PA,Euronext Paris,EUR
FIGEAC AERO,FGA.PA,Euronext Paris,EUR
FILAE,ALFIL.PA,Euronext Growth Paris,EUR
FIN.ETANG BERRE,BERR.PA,Euronext Paris,EUR
FIN.ETANG BERRE PF,EBPF.PA,Euronext Paris,EUR
FIN.OUEST AFRICAIN,FOAF.PA,Euronext Paris,EUR
FINANCIERE MARJOS,FINM.PA,Euronext Paris,EUR
FINATIS,FNTS.PA,Euronext Paris,EUR
FINAXO,MLFXO.PA,Euronext Access Paris,EUR
FIPP,FIPP.PA,Euronext Paris,EUR
FIRSTCAUTION,MLFIR.PA,Euronext Access Paris,EUR
FLEURY MICHON,ALFLE.PA,Euronext Growth Paris,EUR
FLEXDEAL,FLEXD.PA,Euronext Lisbon,EUR
FLORIDIENNE,FLOB.PA,Euronext Brussels,EUR
FLOW TRADERS,FLOW.PA,Euronext Amsterdam,EUR
FLOWSPARKS,UNI.PA,Euronext Access Brussels,EUR
FLUTTER ENTERTAIN,FLTR.PA,Euronext Dublin,EUR
FLUXYS BELGIUM D,FLUX.PA,Euronext Brussels,EUR
FNAC DARTY,FNAC.PA,Euronext Paris,EUR
FNPTECHNOLOGIESSA,MLFNP.PA,Euronext Access Paris,EUR
FOCUS HOME INT,ALFOC.PA,Euronext Growth Paris,EUR
FONC. PARIS NORD,FPN.PA,Euronext Paris,EUR
FONCIERE 7 INVEST,LEBL.PA,Euronext Paris,EUR
FONCIERE ATLAND,FATL.PA,Euronext Paris,EUR
FONCIERE EURIS,EURS.PA,Euronext Paris,EUR
FONCIERE INEA,INEA.PA,Euronext Paris,EUR
FONCIERE LYONNAISE,FLY.PA,Euronext Paris,EUR
FONCIERE VINDI,MLVIN.PA,Euronext Access Paris,EUR
FONCIERE VOLTA,SPEL.PA,Euronext Paris,EUR
FORESTIERE EQUAT.,FORE.PA,Euronext Paris,EUR
FORFARMERS,FFARM.PA,Euronext Amsterdam,EUR
FOUNTAIN,FOU.PA,Euronext Brussels,EUR
FOUNTAINE PAJOT,ALFPC.PA,Euronext Growth Paris,EUR
FRANCAISE ENERGIE,LFDE.PA,Euronext Paris,EUR
FRANCE SOIR GROUPE,MLFSG.PA,Euronext Access Paris,EUR
FRANCE TOURISME,MLFTI.PA,Euronext Access Paris,EUR
FREELANCE.COM,ALFRE.PA,Euronext Growth Paris,EUR
FREY,FREY.PA,Euronext Paris,EUR
FUGRO,FUR.PA,Euronext Amsterdam,EUR
FUT.CLUBE PORTO,FCP.PA,Euronext Lisbon,EUR
G.A.I.,MLGAI.PA,Euronext Access Paris,EUR
GALEO,MLGAL.PA,Euronext Access Paris,EUR
GALIMMO,GALIM.PA,Euronext Paris,EUR
GALP ENERGIA-NOM,GALP.PA,Euronext Lisbon,EUR
GASCOGNE,ALBI.PA,Euronext Growth Paris,EUR
GAUMONT,GAM.PA,Euronext Paris,EUR
GAUSSIN,ALGAU.PA,Euronext Growth Paris,EUR
GBL,GBLB.PA,Euronext Brussels,EUR
GEA GRENOBL.ELECT.,GEA.PA,Euronext Paris,EUR
GECI INTL,ALGEC.PA,Euronext Growth Paris,EUR
GECINA,GFC.PA,Euronext Paris,EUR
GENERAL ELECTRIC,GNE.PA,Euronext Paris,EUR
GENERIX GROUP,GENX.PA,Euronext Paris,EUR
GENEURO,GNRO.PA,Euronext Paris,EUR
GENFIT,GNFT.PA,Euronext Paris,EUR
GENK LOGIST. CERT,GENK.PA,Euronext Brussels,EUR
GENOMIC VISION,GV.PA,Euronext Paris,EUR
GENOWAY,ALGEN.PA,Euronext Growth Paris,EUR
GENSIGHT BIOLOGICS,SIGHT.PA,Euronext Paris,EUR
GENTLEMENS EQUITY,MLGEQ.PA,Euronext Access Paris,EUR
GEOJUNXION,GOJXN.PA,Euronext Amsterdam,EUR
GEP BSA 2020,GEPBS.PA,Euronext Growth Paris,EUR
GETLINK SE,GET.PA,Euronext Paris,EUR
GEVELOT,ALGEV.PA,Euronext Growth Paris,EUR
GIMV,GIMB.PA,Euronext Brussels,EUR
GL EVENTS,GLO.PA,Euronext Paris,EUR
GLANBIA PLC,GL9.PA,Euronext Dublin,EUR
GLENVEAGH PROP.PLC,GVR.PA,Euronext Dublin,EUR
GLINTT,GLINT.PA,Euronext Lisbon,EUR
GLOBAL BIOENERGIES,ALGBE.PA,Euronext Growth Paris,EUR
GLOBAL GRAPHICS,GLOG.PA,Euronext Brussels,EUR
GLOBAL PIELAGO,MLNDG.PA,Euronext Access Paris,EUR
GOLD BY GOLD,ALGLD.PA,Euronext Growth Paris,EUR
GOUR MEDICAL,MLGML.PA,Euronext Access Paris,EUR
GPE GROUP PIZZORNO,GPE.PA,Euronext Paris,EUR
GPE PAROT (AUTO),ALPAR.PA,Euronext Growth Paris,EUR
GRAINES VOLTZ,GRVO.PA,Euronext Paris,EUR
GRANDVISION,GVNV.PA,Euronext Amsterdam,EUR
GREAT WESTERN MIN.,8GW.PA,Euronext Growth Dublin,EUR
GRECEMAR,MLCMG.PA,Euronext Access Paris,EUR
GREENCOAT REN.,GRP.PA,Euronext Growth Dublin,EUR
GREENVOLT,GVOLT.PA,Euronext Lisbon,EUR
GREENYARD,GREEN.PA,Euronext Brussels,EUR
GROUPE CARNIVOR,MLGRC.PA,Euronext Access Paris,EUR
GROUPE CASOL,MLCAS.PA,Euronext Access Paris,EUR
GROUPE CRIT,CEN.PA,Euronext Paris,EUR
GROUPE FLO,FLO.PA,Euronext Paris,EUR
GROUPE GORGE,GOE.PA,Euronext Paris,EUR
GROUPE GUILLIN,ALGIL.PA,Euronext Growth Paris,EUR
GROUPE IRD,IRD.PA,Euronext Paris,EUR
GROUPE JAJ,GJAJ.PA,Euronext Paris,EUR
GROUPE LDLC,ALLDL.PA,Euronext Growth Paris,EUR
GROUPE OPEN,OPN.PA,Euronext Paris,EUR
GROUPE PARTOUCHE,PARP.PA,Euronext Paris,EUR
GROUPE PLUS-VALUES,MLPVG.PA,Euronext Access Paris,EUR
GROUPE SFPI,SFPI.PA,Euronext Paris,EUR
GROUPE TERA,ALGTR.PA,Euronext Growth Paris,EUR
GROUPIMO,ALIMO.PA,Euronext Growth Paris,EUR
GT BIOPHARMA INC,GTBP.PA,Euronext Paris,EUR
GTT,GTT.PA,Euronext Paris,EUR
GUANDAO PUER INVES,MLGDI.PA,Euronext Access Paris,EUR
GUERBET,GBT.PA,Euronext Paris,EUR
GUILLEMOT,GUI.PA,Euronext Paris,EUR
H2O INNOVATION INC,ALHEO.PA,Euronext Growth Paris,EUR
HAL TRUST,HAL.PA,Euronext Amsterdam,EUR
HAMILTON GLOBAL OP,ALHGO.PA,Euronext Growth Paris,EUR
HAMON,HAMO.PA,Euronext Brussels,EUR
HAULOTTE GROUP,PIG.PA,Euronext Paris,EUR
HDF,HDF.PA,Euronext Paris,EUR
HEALTH,MLAHC.PA,Euronext Access Paris,EUR
HEALTHCARE ACTIVOS,MLHAY.PA,Euronext Access Paris,EUR
HEDOSOPHIA ORD SHA,HEGA.PA,Euronext Amsterdam,EUR
HEDOSOPHIA UNITS,HEGAU.PA,Euronext Amsterdam,EUR
HEDOSOPHIA WARRANT,HEGAW.PA,Euronext Amsterdam,EUR
HEIJMANS,HEIJM.PA,Euronext Amsterdam,EUR
HEINEKEN,HEIA.PA,Euronext Amsterdam,EUR
HEINEKEN HOLDING,HEIO.PA,Euronext Amsterdam,EUR
HERIGE,ALHRG.PA,Euronext Growth Paris,EUR
HERMES INTL,RMS.PA,Euronext Paris,EUR
HEXAOM,HEXA.PA,Euronext Paris,EUR
HF COMPANY,ALHF.PA,Euronext Growth Paris,EUR
HIBERNIA REIT PLC,HBRN.PA,Euronext Dublin,EUR
HIGH CO,HCO.PA,Euronext Paris,EUR
HIOLLE INDUSTRIES,ALHIO.PA,Euronext Growth Paris,EUR
HIPAY GROUP,ALHYP.PA,Euronext Growth Paris,EUR
HITECHPROS,ALHIT.PA,Euronext Growth Paris,EUR
HK,MLHK.PA,Euronext Access Paris,EUR
HOCHE BAINS L.BAIN,MLHBB.PA,Euronext Access Paris,EUR
HOFFMANN,ALHGR.PA,Euronext Growth Paris,EUR
Holcim Ltd,HOLN.PA,Euronext Paris,EUR
HOLLAND COLOURS,HOLCO.PA,Euronext Amsterdam,EUR
HOME CONCEPT,MLHCF.PA,Euronext Access Paris,EUR
HOME INVEST BE.,HOMI.PA,Euronext Brussels,EUR
HOPENING,MLHPE.PA,Euronext Access Paris,EUR
HOPIUM,MLHPI.PA,Euronext Access Paris,EUR
HOPSCOTCH GROUPE,HOP.PA,Euronext Paris,EUR
HOSTELWORLD GROUP,HSW.PA,Euronext Dublin,EUR
HOT.MAJESTIC CANNE,MLHMC.PA,Euronext Access Paris,EUR
HOTELIM,MLHOT.PA,Euronext Access Paris,EUR
HOTELS DE PARIS,HDP.PA,Euronext Paris,EUR
HOTL.IMMOB.NICE,MLHIN.PA,Euronext Access Paris,EUR
HUNTER DOUGLAS,HDG.PA,Euronext Amsterdam,EUR
HUNTER DOUGLAS,HUNDP.PA,Euronext Amsterdam,EUR
HYBRIGENICS,ALHYG.PA,Euronext Growth Paris,EUR
HYDRATEC,HYDRA.PA,Euronext Amsterdam,EUR
HYDRAULIQUE PB,MLHYD.PA,Euronext Access Paris,EUR
HYDRO-EXPLOIT.,MLHYE.PA,Euronext Access Paris,EUR
HYDROGEN REFUELING,ALHRS.PA,Euronext Growth Paris,EUR
HYLORIS,HYL.PA,Euronext Brussels,EUR
I.CERAM,ALICR.PA,Euronext Growth Paris,EUR
I2PO SHARES,I2PO.PA,Euronext Paris,EUR
I2PO WARRANTS,I2POW.PA,Euronext Paris,EUR
I2S,ALI2S.PA,Euronext Growth Paris,EUR
IANTE INVESTMENTS,MLINT.PA,Euronext Access Paris,EUR
IBA,IBAB.PA,Euronext Brussels,EUR
ICADE,ICAD.PA,Euronext Paris,EUR
ID LOGISTICS GROUP,IDL.PA,Euronext Paris,EUR
IDI,IDIP.PA,Euronext Paris,EUR
IDS,MLIDS.PA,Euronext Access Paris,EUR
IDSUD,ALIDS.PA,Euronext Growth Paris,EUR
IEP INVEST,IEP.PA,Euronext Brussels,EUR
IEX GROUP NV,IEX.PA,Euronext Amsterdam,EUR
IGE + XAO,IGE.PA,Euronext Paris,EUR
IGIS NEPTUNE,MLABC.PA,Euronext Access Paris,EUR
IKONISYS,ALIKO.PA,Euronext Growth Paris,EUR
ILIAD,ILD.PA,Euronext Paris,EUR
IMALLIANCE,MLIML.PA,Euronext Access Paris,EUR
IMCD,IMCD.PA,Euronext Amsterdam,EUR
IMERYS,NK.PA,Euronext Paris,EUR
IMM.PARIS.PERLE,MLIPP.PA,Euronext Access Paris,EUR
IMMERSION,ALIMR.PA,Euronext Growth Paris,EUR
IMMO MCC,MCC.PA,Euronext Brussels,EUR
IMMO MOURY,IMMOU.PA,Euronext Brussels,EUR
IMMOB.DASSAULT,IMDA.PA,Euronext Paris,EUR
IMMOBEL,IMMO.PA,Euronext Brussels,EUR
IMMOPOOL,IMMOP.PA,Euronext Expert Market,EUR
IMMUPHARMA,ALIMM.PA,Euronext Growth Brussels,EUR
IMOB.C GRAO PARA,GPA.PA,Euronext Lisbon,EUR
IMPLANET,ALIMP.PA,Euronext Growth Paris,EUR
IMPRIMERIE CHIRAT,MLIMP.PA,Euronext Access Paris,EUR
IMPULSE FITNESS,MLIFS.PA,Euronext Access Paris,EUR
INAPA-INV.P.GESTAO,INA.PA,Euronext Lisbon,EUR
INCLUSIO SA/NV,INCLU.PA,Euronext Brussels,EUR
INDLE FIN.ENTREPR.,INFE.PA,Euronext Paris,EUR
INFOCLIP,MLIFC.PA,Euronext Access Paris,EUR
INFOTEL,INF.PA,Euronext Paris,EUR
INMARK,MLINM.PA,Euronext Access Paris,EUR
INMOSUPA,MLISP.PA,Euronext Access Paris,EUR
INNATE PHARMA,IPH.PA,Euronext Paris,EUR
INNELEC MULTIMEDIA,ALINN.PA,Euronext Growth Paris,EUR
INNOVADERMA PLC,MLIDP.PA,Euronext Access Paris,EUR
INNOVATIVE RFK SPA,MLIRF.PA,Euronext Access Paris,EUR
INPOST,INPST.PA,Euronext Amsterdam,EUR
INSTALLUX,ALLUX.PA,Euronext Growth Paris,EUR
INTEGRAGEN,ALINT.PA,Euronext Growth Paris,EUR
INTEGRITAS VIAGER,MLVIE.PA,Euronext Access Paris,EUR
INTERPARFUMS,ITP.PA,Euronext Paris,EUR
INTERTRUST,INTER.PA,Euronext Amsterdam,EUR
INTERVEST OFF-WARE,INTO.PA,Euronext Brussels,EUR
INTEXA,ITXT.PA,Euronext Paris,EUR
INTRASENSE,ALINS.PA,Euronext Growth Paris,EUR
INVENTIVA,IVA.PA,Euronext Paris,EUR
INVIBES ADVERTSING,ALINV.PA,Euronext Growth Paris,EUR
IOC HOLDING,MLIOC.PA,Euronext Access Paris,EUR
IPOSA PROPERTIES,MLIPO.PA,Euronext Access Paris,EUR
IPSEN,IPN.PA,Euronext Paris,EUR
IPSOS,IPS.PA,Euronext Paris,EUR
IRISH CONT. GP.,IR5B.PA,Euronext Dublin,EUR
IRISH RES. PROP.,IRES.PA,Euronext Dublin,EUR
IT LINK,ALITL.PA,Euronext Growth Paris,EUR
ITALY INNOVAZIONI,MLITN.PA,Euronext Access Paris,EUR
ITESOFT,ITE.PA,Euronext Paris,EUR
IVALIS,ALIVA.PA,Euronext Growth Paris,EUR
JACQUES BOGART,JBOG.PA,Euronext Paris,EUR
JACQUET METALS,JCQ.PA,Euronext Paris,EUR
JC DECAUX SA.,DEC.PA,Euronext Paris,EUR
JDE PEET'S,JDEP.PA,Euronext Amsterdam,EUR
JENSEN-GROUP,JEN.PA,Euronext Brussels,EUR
JSA TECHNOLOGY,MLJSA.PA,Euronext Access Paris,EUR
JUST EAT TAKEAWAY,TKWY.PA,Euronext Amsterdam,EUR
KALRAY,ALKAL.PA,Euronext Growth Paris,EUR
KAUFMAN ET BROAD,KOF.PA,Euronext Paris,EUR
KBC,KBC.PA,Euronext Brussels,EUR
KBC ANCORA,KBCA.PA,Euronext Brussels,EUR
KENDRION,KENDR.PA,Euronext Amsterdam,EUR
KENMARE RESOURCES,KMR.PA,Euronext Dublin,EUR
KERING,KER.PA,Euronext Paris,EUR
KERLINK,ALKLK.PA,Euronext Growth Paris,EUR
KERRY GROUP PLC,KRZ.PA,Euronext Dublin,EUR
KEYRUS,ALKEY.PA,Euronext Growth Paris,EUR
KEYWARE TECH.,KEYW.PA,Euronext Brussels,EUR
KINEPOLIS GROUP,KIN.PA,Euronext Brussels,EUR
KINGSPAN GROUP PLC,KRX.PA,Euronext Dublin,EUR
KKO INTERNATIONAL,ALKKO.PA,Euronext Growth Paris,EUR
KLARSEN,ALKLA.PA,Euronext Growth Paris,EUR
KLEPIERRE,LI.PA,Euronext Paris,EUR
KLIMVEST,ALSIM.PA,Euronext Growth Paris,EUR
KOMPUESTOS,ALKOM.PA,Euronext Growth Paris,EUR
KORIAN,KORI.PA,Euronext Paris,EUR
KPN KON,KPN.PA,Euronext Amsterdam,EUR
KTESIOS REAL ESTAT,MLKTS.PA,Euronext Access Lisbon,EUR
KUMULUS VAPE,ALVAP.PA,Euronext Growth Paris,EUR
KUMULUSBSA2020,VAPBS.PA,Euronext Growth Paris,EUR
LA PERLA FASHION,ALPER.PA,Euronext Growth Paris,EUR
LACROIX GROUP,LACR.PA,Euronext Paris,EUR
LAGARDERE SA,MMB.PA,Euronext Paris,EUR
LANSON-BCC,ALLAN.PA,Euronext Growth Paris,EUR
LARGO,ALLGO.PA,Euronext Growth Paris,EUR
LATECOERE,LAT.PA,Euronext Paris,EUR
LAURENT-PERRIER,LPE.PA,Euronext Paris,EUR
LAVIDE HOLDING,LVIDE.PA,Euronext Amsterdam,EUR
LDC,LOUP.PA,Euronext Paris,EUR
LE TANNEUR,ALTAN.PA,Euronext Growth Paris,EUR
LEASINVEST,LEAS.PA,Euronext Brussels,EUR
LEBON,LBON.PA,Euronext Paris,EUR
LECTRA,LSS.PA,Euronext Paris,EUR
LEGRAND,LR.PA,Euronext Paris,EUR
LES AGENCES DE PAP,MLPAP.PA,Euronext Access Paris,EUR
LES HOTELS BAVEREZ,ALLHB.PA,Euronext Growth Paris,EUR
LESTQBLANC202212BS,TBMBT.PA,Euronext Growth Paris,EUR
LEXIBOOK LINGUIST.,ALLEX.PA,Euronext Growth Paris,EUR
LINEDATA SERVICES,LIN.PA,Euronext Paris,EUR
LISGRAFICA,LIG.PA,Euronext Lisbon,EUR
LISI,FII.PA,Euronext Paris,EUR
LITHO FORMAS,LIT.PA,Euronext Access Lisbon,EUR
LLEIDA,ALLLN.PA,Euronext Growth Paris,EUR
LNA SANTE,LNA.PA,Euronext Paris,EUR
LOCASYSTEM INTL,MLLOI.PA,Euronext Access Paris,EUR
LOGIC INSTRUMENT,ALLOG.PA,Euronext Growth Paris,EUR
LOGIS CONFORT,MLLOG.PA,Euronext Access Paris,EUR
LOMBARD ET MEDOT,MLCAC.PA,Euronext Access Paris,EUR
L'OREAL,OR.PA,Euronext Paris,EUR
LOTUS BAKERIES,LOTB.PA,Euronext Brussels,EUR
LUCASBOLS,BOLS.PA,Euronext Amsterdam,EUR
LUCIBEL,ALUCI.PA,Euronext Growth Paris,EUR
LUCIBEL BS,LUCBS.PA,Euronext Growth Paris,EUR
LUMIBIRD,LBIRD.PA,Euronext Paris,EUR
LV4S,MLV4S.PA,Euronext Access Paris,EUR
LVMH,MC.PA,Euronext Paris,EUR
LYSOGENE,LYS.PA,Euronext Paris,EUR
M.R.M,MRM.PA,Euronext Paris,EUR
M2I,ALMII.PA,Euronext Growth Paris,EUR
MADE,MLMAD.PA,Euronext Access Paris,EUR
MADVERTISE,ALMNG.PA,Euronext Growth Paris,EUR
MAGILLEM,MLMGL.PA,Euronext Access Paris,EUR
MAIS.ANTOINE BAUD,MLMAB.PA,Euronext Access Paris,EUR
MAISON CLIO BLUE,MLCLI.PA,Euronext Access Paris,EUR
MAISONS DU MONDE,MDM.PA,Euronext Paris,EUR
MAJOREL GROUP LUX,MAJ.PA,Euronext Amsterdam,EUR
MAKHEIA GROUP,ALMAK.PA,Euronext Growth Paris,EUR
MAKHEIA GROUP BSB,MAKB2.PA,Euronext Growth Paris,EUR
MAKING SCIENCE,ALMKS.PA,Euronext Growth Paris,EUR
MALIN CORP. PLC,MLC.PA,Euronext Growth Dublin,EUR
MALTERIES FCO-BEL.,MALT.PA,Euronext Paris,EUR
MANITOU BF,MTU.PA,Euronext Paris,EUR
MANUTAN INTL,MAN.PA,Euronext Paris,EUR
MAQ ADMON. URBANAS,MLMAQ.PA,Euronext Access Paris,EUR
MARE NOSTRUM,ALMAR.PA,Euronext Growth Paris,EUR
MAREL,MAREL.PA,Euronext Amsterdam,EUR
MAROC TELECOM,IAM.PA,Euronext Paris,EUR
MARTIFER,MAR.PA,Euronext Lisbon,EUR
MASTRAD,ALMAS.PA,Euronext Growth Paris,EUR
MASTRAD BS29,MASBS.PA,Euronext Growth Paris,EUR
MAUNA KEA TECH,MKEA.PA,Euronext Paris,EUR
MAUREL ET PROM,MAU.PA,Euronext Paris,EUR
MBWS,MBWS.PA,Euronext Paris,EUR
MBWS BSA 2022,MBWBT.PA,Euronext Paris,EUR
MBWS BSAR 2023,MBWSZ.PA,Euronext Paris,EUR
MCPHY ENERGY,MCPHY.PA,Euronext Paris,EUR
MDXHEALTH,MDXH.PA,Euronext Brussels,EUR
MEDESIS PHARMA,ALMDP.PA,Euronext Growth Paris,EUR
MEDIA 6,EDI.PA,Euronext Paris,EUR
MEDIA CAPITAL,MCP.PA,Euronext Lisbon,EUR
MEDIA LAB,MLLAB.PA,Euronext Access Paris,EUR
MEDIA MAKER,ALKER.PA,Euronext Growth Paris,EUR
MEDIANTECHNOLOGIES,ALMDT.PA,Euronext Growth Paris,EUR
MEDINCELL,MEDCL.PA,Euronext Paris,EUR
MEDIOCREDITO EUROP,MLMCE.PA,Euronext Access Paris,EUR
MELEXIS,MELE.PA,Euronext Brussels,EUR
MEMSCAP REGPT,MEMS.PA,Euronext Paris,EUR
MERCIALYS,MERY.PA,Euronext Paris,EUR
MERCK AND CO INC,MRK.PA,Euronext Paris,EUR
MERIDIA RE IV,MLMIV.PA,Euronext Access Paris,EUR
MERLIN PROPERTIES,MRL.PA,Euronext Lisbon,EUR
MERSEN,MRN.PA,Euronext Paris,EUR
METABOLIC EXPLORER,METEX.PA,Euronext Paris,EUR
METALLIANCE,MLETA.PA,Euronext Access Paris,EUR
METHANOR,ALMET.PA,Euronext Growth Paris,EUR
METHORIOS CAPITAL,ALMTH.PA,Euronext Growth Paris,EUR
METRICS IN BALANCE,MLMIB.PA,Euronext Access Paris,EUR
METROPOLE TV,MMT.PA,Euronext Paris,EUR
MG INTERNATIONAL,ALMGI.PA,Euronext Growth Paris,EUR
MGI DIGITAL GRAPHI,ALMDG.PA,Euronext Growth Paris,EUR
MICHELIN,ML.PA,Euronext Paris,EUR
MICROPOLE,MUN.PA,Euronext Paris,EUR
MICROSKIN,MLSKN.PA,Euronext Access Paris,EUR
MIGUET ET ASSOCIES,MLNMA.PA,Euronext Access Paris,EUR
MIKO,MIKO.PA,Euronext Brussels,EUR
MILIBOO,ALMLB.PA,Euronext Growth Paris,EUR
MINCON GROUP PLC,MIO.PA,Euronext Growth Dublin,EUR
MINT,ALBUD.PA,Euronext Growth Paris,EUR
MINT BS,BUDBS.PA,Euronext Growth Paris,EUR
MITHRA,MITRA.PA,Euronext Brussels,EUR
MKB Nedsense,NEDSE.PA,Euronext Amsterdam,EUR
MLD,MLAMY.PA,Euronext Access Paris,EUR
MND,ALMND.PA,Euronext Growth Paris,EUR
MONCEY (FIN.) NOM.,MONC.PA,Euronext Paris,EUR
MONFINANCIER,MLMON.PA,Euronext Access Paris,EUR
MONUMENTAL RES,MLMR.PA,Euronext Access Lisbon,EUR
MOPOLI,MOP.PA,Euronext Brussels,EUR
MOPOLI FOND,MOPF.PA,Euronext Brussels,EUR
MOREFIELD GROUP,MORE.PA,Euronext Amsterdam,EUR
MOTA ENGIL,EGL.PA,Euronext Lisbon,EUR
MOULINVEST,ALMOU.PA,Euronext Growth Paris,EUR
MOURY CONSTRUCT,MOUR.PA,Euronext Brussels,EUR
MR BRICOLAGE,ALMRB.PA,Euronext Growth Paris,EUR
MTD FINANCE,MLMTD.PA,Euronext Access Paris,EUR
MULANN,MLMUL.PA,Euronext Access Paris,EUR
MULTI 24,MLM24.PA,Euronext Access Lisbon,EUR
MUNCHENER RUCKVERS,MEURV.PA,Traded not listed Brussels,EUR
MUNIC,ALMUN.PA,Euronext Growth Paris,EUR
MUSEE GREVIN,GREV.PA,Euronext Paris,EUR
MYBEST GROUP,ALMBG.PA,Euronext Growth Paris,EUR
NACON,NACON.PA,Euronext Paris,EUR
NAI ORD SHARES,NAI.PA,Euronext Amsterdam,EUR
NAI TREAS SHARES,NAITR.PA,Euronext Amsterdam,EUR
NAI WARRANTS,NAIW.PA,Euronext Amsterdam,EUR
NAMR,ALNMR.PA,Euronext Growth Paris,EUR
NANOBIOTIX,NANO.PA,Euronext Paris,EUR
NATURE ET LOGIS,MLNAT.PA,Euronext Access Paris,EUR
NAVYA,NAVYA.PA,Euronext Paris,EUR
NEDAP,NEDAP.PA,Euronext Amsterdam,EUR
NEOCOM MULTIMEDIA,MLNEO.PA,Euronext Access Paris,EUR
NEOEN,NEOEN.PA,Euronext Paris,EUR
NEOLIFE,ALNLF.PA,Euronext Growth Paris,EUR
NEOLIFE BS,NLFBS.PA,Euronext Growth Paris,EUR
NEOVACS,ALNEV.PA,Euronext Growth Paris,EUR
NEPI ROCKCASTLE,NRP.PA,Euronext Amsterdam,EUR
NETGEM,ALNTG.PA,Euronext Growth Paris,EUR
NEUFCOUR-FIN.,MLNEU.PA,Euronext Access Brussels,EUR
NEURONES,NRO.PA,Euronext Paris,EUR
NEW SOURCES ENERGY,NSE.PA,Euronext Amsterdam,EUR
NEWAYS ELECTRONICS,NEWAY.PA,Euronext Amsterdam,EUR
NEWSINVEST,MLNEI.PA,Euronext Access Paris,EUR
NEWTREE,NEWT.PA,Euronext Access Brussels,EUR
NEXANS,NEX.PA,Euronext Paris,EUR
NEXITY,NXI.PA,Euronext Paris,EUR
NEXPONOR-SICAFI,ALNOR.PA,Euronext Growth Lisbon,EUR
NEXTEDIA,ALNXT.PA,Euronext Growth Paris,EUR
NEXTSTAGE,NEXTS.PA,Euronext Paris,EUR
NFL BIOSCIENCES,ALNFL.PA,Euronext Growth Paris,EUR
NH THERAGUIX,ALNHT.PA,Euronext Growth Paris,EUR
NHOA,NHOA.PA,Euronext Paris,EUR
NICOX,COX.PA,Euronext Paris,EUR
NN GROUP,NN.PA,Euronext Amsterdam,EUR
NOKIA,NOKIA.PA,Euronext Paris,EUR
"NOS, SGPS",NOS.PA,Euronext Lisbon,EUR
NOVACYT,ALNOV.PA,Euronext Growth Paris,EUR
NOVATECH IND.,MLNOV.PA,Euronext Access Paris,EUR
NOXXON,ALNOX.PA,Euronext Growth Paris,EUR
NR21,NR21.PA,Euronext Paris,EUR
NRJ GROUP,NRG.PA,Euronext Paris,EUR
NSC GROUPE,ALNSC.PA,Euronext Growth Paris,EUR
NSE,ALNSE.PA,Euronext Growth Paris,EUR
NSI N.V.,NSI.PA,Euronext Amsterdam,EUR
NX FILTRATION,NXFIL.PA,Euronext Amsterdam,EUR
NYRSTAR,NYR.PA,Euronext Brussels,EUR
NYXOAH,NYXH.PA,Euronext Brussels,EUR
O SORBET D AMOUR,MLOSA.PA,Euronext Access Paris,EUR
OBER,ALOBR.PA,Euronext Growth Paris,EUR
OBIZ,ALBIZ.PA,Euronext Growth Paris,EUR
OCI,OCI.PA,Euronext Amsterdam,EUR
OCTOPUS BIOSAFETY,MLOCT.PA,Euronext Access Paris,EUR
ODYSSEY ORD SHARES,ODYSY.PA,Euronext Amsterdam,EUR
ODYSSEY WARRANTS,ODYSW.PA,Euronext Amsterdam,EUR
OENEO,SBT.PA,Euronext Paris,EUR
OL GROUPE,OLG.PA,Euronext Paris,EUR
OL GROUPE NV21,OLNV.PA,Euronext Paris,EUR
OLIMPO REAL ESTATE,MLORE.PA,Euronext Access Lisbon,EUR
OMER-DECUGIS & CIE,ALODC.PA,Euronext Growth Paris,EUR
ONCODESIGN,ALONC.PA,Euronext Growth Paris,EUR
ONE EXPERIENCE,MLOEX.PA,Euronext Access Paris,EUR
ONLINEFORMAPRO,MLONL.PA,Euronext Access Paris,EUR
ONTEX GROUP,ONTEX.PA,Euronext Brussels,EUR
ONXEO,ALONX.PA,Euronext Growth Paris,EUR
OPEN ORPHAN PLC,ORPH.PA,Euronext Growth Dublin,EUR
ORANGE,ORA.PA,Euronext Paris,EUR
ORANGE BELGIUM,OBEL.PA,Euronext Brussels,EUR
ORANJEWOUD A,ORANW.PA,Euronext Amsterdam,EUR
ORAPI,ORAP.PA,Euronext Paris,EUR
ORAPI BSA,ORAPB.PA,Euronext Paris,EUR
ORBIS PROPERTIES,MLORB.PA,Euronext Access Paris,EUR
ORDINA,ORDI.PA,Euronext Amsterdam,EUR
ORDISSIMO,ALORD.PA,Euronext Growth Paris,EUR
OREGE,OREGE.PA,Euronext Paris,EUR
OREY ANTUNES ESC.,ORE.PA,Euronext Lisbon,EUR
ORIGIN ENT. PLC,OIZ.PA,Euronext Growth Dublin,EUR
ORINOQUIA,MLORQ.PA,Euronext Access Paris,EUR
ORMONDE MINING PLC,ORQ1.PA,Euronext Growth Dublin,EUR
ORPEA,ORP.PA,Euronext Paris,EUR
OSE IMMUNO,OSE.PA,Euronext Paris,EUR
OSMOZIS,ALOSM.PA,Euronext Growth Paris,EUR
OVOCA BIO PLC,OVXA.PA,Euronext Growth Dublin,EUR
OXURION,OXUR.PA,Euronext Brussels,EUR
OZ GROUP,ICE.PA,Euronext Expert Market,EUR
PACTE NOVATION,MLPAC.PA,Euronext Access Paris,EUR
PARAGON ID,PID.PA,Euronext Paris,EUR
PAREF,PAR.PA,Euronext Paris,EUR
PARFEX,MLPFX.PA,Euronext Access Paris,EUR
PARROT,PARRO.PA,Euronext Paris,EUR
PARROT BSA 1,PABSA.PA,Euronext Paris,EUR
PARROT BSA 2,PABSB.PA,Euronext Paris,EUR
PART.INDLES MINI.,MLHOP.PA,Euronext Access Paris,EUR
PARX MATERIALS NV,MLPRX.PA,Euronext Access Paris,EUR
PASSAT,PSAT.PA,Euronext Paris,EUR
PATRIMOINE ET COMM,PAT.PA,Euronext Paris,EUR
PATRIS,ALPTR.PA,Euronext Growth Lisbon,EUR
PAULIC MEUNERIE,ALPAU.PA,Euronext Growth Paris,EUR
PAYTON PLANAR,PAY.PA,Euronext Brussels,EUR
PCAS,PCA.PA,Euronext Paris,EUR
PEGASUS ORD SHARES,PACE.PA,Euronext Amsterdam,EUR
PEGASUS UNITS,PACEU.PA,Euronext Amsterdam,EUR
PEGASUS WARRANTS,PACEW.PA,Euronext Amsterdam,EUR
PERM. TSB GP. HOLD,IL0A.PA,Euronext Dublin,EUR
PERNOD RICARD,RI.PA,Euronext Paris,EUR
PERRIER (GERARD),PERR.PA,Euronext Paris,EUR
PETRONEFT RES.,P8ET.PA,Euronext Growth Dublin,EUR
PEUGEOT INVEST,PEUG.PA,Euronext Paris,EUR
PHARMAGEST INTER.,PHA.PA,Euronext Paris,EUR
PHARMASIMPLE,ALPHS.PA,Euronext Growth Paris,EUR
PHARMING GROUP,PHARM.PA,Euronext Amsterdam,EUR
PHARNEXT,ALPHA.PA,Euronext Growth Paris,EUR
PHAROL,PHR.PA,Euronext Lisbon,EUR
PHERECYDES PHARMA,ALPHE.PA,Euronext Growth Paris,EUR
PHILIPS BUY BACK,INPHI.PA,Euronext Amsterdam,EUR
PHILIPS KON,PHIA.PA,Euronext Amsterdam,EUR
PHONE WEB,MLPHW.PA,Euronext Access Paris,EUR
PHOTONIKE CAPITAL,MLPHO.PA,Euronext Access Paris,EUR
PICANOL,PIC.PA,Euronext Brussels,EUR
PIERRE VACANCES,VAC.PA,Euronext Paris,EUR
PISCINES DESJOYAUX,ALPDX.PA,Euronext Growth Paris,EUR
PIXIUM VISION,ALPIX.PA,Euronext Growth Paris,EUR
PLACOPLATRE,MLPLC.PA,Euronext Access Paris,EUR
PLANET MEDIA,ALPLA.PA,Euronext Growth Paris,EUR
PLANT ADVANCED,ALPAT.PA,Euronext Growth Paris,EUR
PLANT ADVANCED BS,PATBS.PA,Euronext Growth Paris,EUR
PLAST.VAL LOIRE,PVL.PA,Euronext Paris,EUR
PLASTIC OMNIUM,POM.PA,Euronext Paris,EUR
PORCELEYNE FLES,PORF.PA,Euronext Amsterdam,EUR
POSTNL,PNL.PA,Euronext Amsterdam,EUR
POUJOULAT,ALPJT.PA,Euronext Growth Paris,EUR
POULAILLON,ALPOU.PA,Euronext Growth Paris,EUR
POXEL,POXEL.PA,Euronext Paris,EUR
PPLA CLASS A,PPLAA.PA,Euronext Amsterdam,EUR
PPLA CLASS B,PPLAB.PA,Euronext Amsterdam,EUR
PPLA European Unit,PPLA.PA,Euronext Amsterdam,EUR
PRECIA,PREC.PA,Euronext Paris,EUR
PREDILIFE,ALPRE.PA,Euronext Growth Paris,EUR
PRISMAFLEX INTL,ALPRI.PA,Euronext Growth Paris,EUR
PROACTIS SA,PROAC.PA,Euronext Paris,EUR
PRODWARE,ALPRO.PA,Euronext Growth Paris,EUR
PRODWAYS,PWG.PA,Euronext Paris,EUR
PROLOGUE,PROL.PA,Euronext Paris,EUR
PROLOGUE BSA,PROBT.PA,Euronext Growth Paris,EUR
PROLOGUE BSA 2017,PROBS.PA,Euronext Growth Paris,EUR
PROP.IMMEUBLES,MLPRI.PA,Euronext Access Paris,EUR
PROSIEBENSAT,PSMP.PA,Traded not listed Brussels,EUR
PROSUS,PRX.PA,Euronext Amsterdam,EUR
PROVENTURE GOLD,MLPRO.PA,Euronext Access Paris,EUR
PROVIDENCE RES.,PZQA.PA,Euronext Growth Dublin,EUR
PROXIMUS,PROX.PA,Euronext Brussels,EUR
PUBLICIS BSA,PUBBS.PA,Euronext Paris,EUR
PUBLICIS GROUPE SA,PUB.PA,Euronext Paris,EUR
QRF,QRF.PA,Euronext Brussels,EUR
QUADIENT,QDT.PA,Euronext Paris,EUR
QUADPACK,ALQP.PA,Euronext Growth Paris,EUR
QUANTUM GENOMICS,ALQGC.PA,Euronext Growth Paris,EUR
QUESTFOR GR-PRICAF,QFG.PA,Euronext Brussels,EUR
QWAMPLIFY,ALQWA.PA,Euronext Growth Paris,EUR
QWAMPLIFY BSAANE,QWABS.PA,Euronext Growth Paris,EUR
RAIZE,MLRZE.PA,Euronext Access Lisbon,EUR
RALLYE,RAL.PA,Euronext Paris,EUR
RAMADA,RAM.PA,Euronext Lisbon,EUR
RAMSAY GEN SANTE,GDS.PA,Euronext Paris,EUR
RANDSTAD NV,RAND.PA,Euronext Amsterdam,EUR
RAPID NUTRITION,ALRPD.PA,Euronext Growth Paris,EUR
RAPIDO PRET,ML350.PA,Euronext Access Paris,EUR
REALCO,REAL.PA,Euronext Access Brussels,EUR
REALITES,ALREA.PA,Euronext Growth Paris,EUR
RECTICEL,REC.PA,Euronext Brussels,EUR
RECYLEX S.A.,RX.PA,Euronext Paris,EUR
REIBEL,REI.PA,Euronext Access Brussels,EUR
REINET INVESTMENTS,REINA.PA,Euronext Amsterdam,EUR
RELX,REN.PA,Euronext Amsterdam,EUR
REMY COINTREAU,RCO.PA,Euronext Paris,EUR
REN,RENE.PA,Euronext Lisbon,EUR
RENAULT,RNO.PA,Euronext Paris,EUR
RENEWI,RWI.PA,Euronext Amsterdam,EUR
RES GESTAE SOCIMI,MLJDL.PA,Euronext Access Paris,EUR
RESILUX,RES.PA,Euronext Brussels,EUR
REVIVAL EXPANSION,MLREX.PA,Euronext Access Paris,EUR
REWORLD MEDIA,ALREW.PA,Euronext Growth Paris,EUR
REXEL,RXL.PA,Euronext Paris,EUR
RIBER,ALRIB.PA,Euronext Growth Paris,EUR
ROBERTET,RBT.PA,Euronext Paris,EUR
ROBERTET CDV 87,CBR.PA,Euronext Paris,EUR
ROBERTET CI,CBE.PA,Euronext Paris,EUR
ROCHE BOBOIS,RBO.PA,Euronext Paris,EUR
ROCTOOL,ALROC.PA,Euronext Growth Paris,EUR
ROCTOOL BSA 2020,ROCBS.PA,Euronext Growth Paris,EUR
ROCTOOL BSA 2020-2,ROCBT.PA,Euronext Growth Paris,EUR
ROODMICROTEC,ROOD.PA,Euronext Amsterdam,EUR
ROSIER,ENGB.PA,Euronext Brussels,EUR
ROTHSCHILD & CO,ROTH.PA,Euronext Paris,EUR
ROUGIER S.A.,ALRGR.PA,Euronext Growth Paris,EUR
ROULARTA,ROU.PA,Euronext Brussels,EUR
ROUSSELET CENTRIF.,MLROU.PA,Euronext Access Paris,EUR
ROYAL DUTCH SHELLA,RDSA.PA,Euronext Amsterdam,EUR
ROYAL DUTCH SHELLB,RDSB.PA,Euronext Amsterdam,EUR
RSR SINGULAR,MLRSR.PA,Euronext Access Lisbon,EUR
RUBIS,RUI.PA,Euronext Paris,EUR
RYANAIR HOLD. PLC,RY4C.PA,Euronext Dublin,EUR
S.CLUBE BRAGA,SCB.PA,Euronext Access Lisbon,EUR
S.E.B.,SK.PA,Euronext Paris,EUR
SAFE,ALSAF.PA,Euronext Growth Paris,EUR
SAFRAN,SAF.PA,Euronext Paris,EUR
SAINT JEAN GROUPE,SABE.PA,Euronext Paris,EUR
SAMSE,SAMS.PA,Euronext Paris,EUR
SANOFI,SAN.PA,Euronext Paris,EUR
SAPMER,ALMER.PA,Euronext Growth Paris,EUR
SARTORIUS STED BIO,DIM.PA,Euronext Paris,EUR
SAVENCIA,SAVE.PA,Euronext Paris,EUR
SAVONNERIE NYONS,MLSDN.PA,Euronext Access Paris,EUR
SBM OFFSHORE,SBMO.PA,Euronext Amsterdam,EUR
SBT,MLSBT.PA,Euronext Access Paris,EUR
SCANDINAVIAN HOUSE,MLSHD.PA,Euronext Access Paris,EUR
SCBSM,CBSM.PA,Euronext Paris,EUR
SCEMI,MLCMI.PA,Euronext Access Paris,EUR
SCHEERD.V KERCHOVE,SCHD.PA,Euronext Brussels,EUR
SCHLUMBERGER,SLB.PA,Euronext Paris,EUR
SCHNEIDER ELECTRIC,SU.PA,Euronext Paris,EUR
SCHOBRUNN PARIS,MLSCH.PA,Euronext Access Paris,EUR
SCIENTIA SCHOOL,MLSCI.PA,Euronext Access Paris,EUR
SCOR SE,SCR.PA,Euronext Paris,EUR
SECHE ENVIRONNEM.,SCHP.PA,Euronext Paris,EUR
SEGRO PLC,SGRO.PA,Euronext Paris,EUR
SEIF SPA,ALSEI.PA,Euronext Growth Paris,EUR
SELCODIS,SLCO.PA,Euronext Paris,EUR
SELECTIRENTE,SELER.PA,Euronext Paris,EUR
SEMAPA,SEM.PA,Euronext Lisbon,EUR
SEMPLICEMENTE SpA,MLSMP.PA,Euronext Access Paris,EUR
SENSORION,ALSEN.PA,Euronext Growth Paris,EUR
SEQUA PETROLEUM NV,MLSEQ.PA,Euronext Access Paris,EUR
SEQUANA MEDICAL,SEQUA.PA,Euronext Brussels,EUR
SERGEFERRARI GROUP,SEFER.PA,Euronext Paris,EUR
SERMA GROUP,ALSER.PA,Euronext Growth Paris,EUR
SES,SESG.PA,Euronext Paris,EUR
SES IMAGOTAG,SESL.PA,Euronext Paris,EUR
SHOWROOMPRIVE,SRP.PA,Euronext Paris,EUR
SHURGARD,SHUR.PA,Euronext Brussels,EUR
SIDETRADE,ALBFR.PA,Euronext Growth Paris,EUR
SIEMENS,SIA.PA,Traded not listed Brussels,EUR
SIF HOLDING,SIFG.PA,Euronext Amsterdam,EUR
SIGNAUX GIROD,ALGIR.PA,Euronext Growth Paris,EUR
SIGNIFY NV,LIGHT.PA,Euronext Amsterdam,EUR
SII,SII.PA,Euronext Paris,EUR
SILC,MLSIL.PA,Euronext Access Paris,EUR
SIMAT,MLMAT.PA,Euronext Access Paris,EUR
SINTESI SpA,MLSNT.PA,Euronext Access Paris,EUR
SIPEF,SIP.PA,Euronext Brussels,EUR
SLIGRO FOOD GROUP,SLIGR.PA,Euronext Amsterdam,EUR
SMALTO,MLSML.PA,Euronext Access Paris,EUR
SMALTO BSA,SMLBS.PA,Euronext Access Paris,EUR
SMARTPHOTO GROUP,SMAR.PA,Euronext Brussels,EUR
SMCP,SMCP.PA,Euronext Paris,EUR
SMTPC,SMTPC.PA,Euronext Paris,EUR
SMURFIT KAPPA GP,SK3.PA,Euronext Dublin,EUR
SNOWWORLD,SNOW.PA,Euronext Amsterdam,EUR
SOC FRANC CASINOS,SFCA.PA,Euronext Paris,EUR
SOCIETE GENERALE,GLE.PA,Euronext Paris,EUR
SODEXO,SW.PA,Euronext Paris,EUR
SODITECH,SEC.PA,Euronext Paris,EUR
SOFINA,SOF.PA,Euronext Brussels,EUR
SOFTIMAT,SOFT.PA,Euronext Growth Brussels,EUR
SOGECLAIR,SOG.PA,Euronext Paris,EUR
SOITEC,SOI.PA,Euronext Paris,EUR
SOLOCAL GROUP,LOCAL.PA,Euronext Paris,EUR
SOLUTIONS 30 SE,S30.PA,Euronext Paris,EUR
SOLVAC NOM(RETAIL),SOLV.PA,Euronext Brussels,EUR
SOMFY SA,SO.PA,Euronext Paris,EUR
SONAE,SON.PA,Euronext Lisbon,EUR
SONAGI,SNG.PA,Euronext Access Lisbon,EUR
SOPRA STERIA GROUP,SOP.PA,Euronext Paris,EUR
SPADEL,SPA.PA,Euronext Brussels,EUR
SPARTOO,ALSPT.PA,Euronext Growth Paris,EUR
SPEED RABBIT PIZZA,MLSRP.PA,Euronext Access Paris,EUR
SPIE,SPIE.PA,Euronext Paris,EUR
SPINEGUARD,ALSGD.PA,Euronext Growth Paris,EUR
SPINEGUARD BS,SGDBS.PA,Euronext Growth Paris,EUR
SPINEWAY,ALSPW.PA,Euronext Growth Paris,EUR
SPORTING,SCP.PA,Euronext Lisbon,EUR
SQLI,SQI.PA,Euronext Paris,EUR
ST DUPONT,DPT.PA,Euronext Paris,EUR
STEF,STF.PA,Euronext Paris,EUR
STELLANTIS NV,STLA.PA,Euronext Paris,EUR
STERN GROEP,STRN.PA,Euronext Amsterdam,EUR
STMICROELECTRONICS,STM.PA,Euronext Paris,EUR
STRADIM ESPAC.FIN,ALSAS.PA,Euronext Growth Paris,EUR
STREAMWIDE,ALSTW.PA,Euronext Growth Paris,EUR
STREIT MECANIQUE,MLSTR.PA,Euronext Access Paris,EUR
SUMO RESOURCES PLC,MLSUM.PA,Euronext Access Paris,EUR
SWORD GROUP,SWP.PA,Euronext Paris,EUR
SYNERGIE,SDG.PA,Euronext Paris,EUR
TARKETT,TKTT.PA,Euronext Paris,EUR
TAYNINH,TAYN.PA,Euronext Paris,EUR
TEAM,MLTEA.PA,Euronext Access Paris,EUR
TECH BSA 2024,TECBS.PA,Euronext Paris,EUR
TECHNICOLOR,TCH.PA,Euronext Paris,EUR
TECHNIP ENERGIES,TE.PA,Euronext Paris,EUR
TECHNIPFMC,FTI.PA,Euronext Paris,EUR
TEIXEIRA DUARTE,TDSA.PA,Euronext Lisbon,EUR
TELECOM ITALIA SPA,TIT.PA,Traded not listed Brussels,EUR
TELEFONICA,TFA.PA,Traded not listed Brussels,EUR
TELENET GROUP,TNET.PA,Euronext Brussels,EUR
TELEPERFORMANCE,TEP.PA,Euronext Paris,EUR
TELEVERBIER,TVRB.PA,Euronext Paris,EUR
TELEVISTA,MLVST.PA,Euronext Access Paris,EUR
TER BEKE,TERB.PA,Euronext Brussels,EUR
TESCO PLC,TCO.PA,Euronext Dublin,EUR
TESSENDERLO,TESB.PA,Euronext Brussels,EUR
TESSI,TES.PA,Euronext Paris,EUR
TETRYS,TET.PA,Euronext Expert Market,EUR
TEXAF,TEXF.PA,Euronext Brussels,EUR
TF1,TFI.PA,Euronext Paris,EUR
TFF GROUP,TFF.PA,Euronext Paris,EUR
THALES,HO.PA,Euronext Paris,EUR
THE BLOCKCHAIN GP,ALTBG.PA,Euronext Growth Paris,EUR
THE NAVIGATOR COMP,NVG.PA,Euronext Lisbon,EUR
THERACLION,ALTHE.PA,Euronext Growth Paris,EUR
THERADIAG,ALTER.PA,Euronext Growth Paris,EUR
THERANEXUS,ALTHX.PA,Euronext Growth Paris,EUR
THERMADOR GROUPE,THEP.PA,Euronext Paris,EUR
TIE KINETIX,TIE.PA,Euronext Amsterdam,EUR
TIKEHAU CAPITAL,TKO.PA,Euronext Paris,EUR
TINC,TINC.PA,Euronext Brussels,EUR
TIPIAK,TIPI.PA,Euronext Paris,EUR
TISCALI,TISN.PA,Traded not listed Brussels,EUR
TIVOLY,ALTIV.PA,Euronext Growth Paris,EUR
TKH GROUP,TWEKA.PA,Euronext Amsterdam,EUR
TOMTOM,TOM2.PA,Euronext Amsterdam,EUR
TOOLUX SANDING,ALTLX.PA,Euronext Growth Paris,EUR
TOQUES BLANCHES,ALTBM.PA,Euronext Growth Paris,EUR
TOTAL GABON,EC.PA,Euronext Paris,EUR
TOUAX,TOUP.PA,Euronext Paris,EUR
TOUR EIFFEL,EIFF.PA,Euronext Paris,EUR
TOUTABO,MLABO.PA,Euronext Access Paris,EUR
TOYOTA CAETANO,SCT.PA,Euronext Lisbon,EUR
TPSH,MLPSH.PA,Euronext Access Paris,EUR
TRAMWAYS DE ROUEN,MLTRA.PA,Euronext Access Paris,EUR
TRANSGENE,TNG.PA,Euronext Paris,EUR
TRANSITION SHARES,TRAN.PA,Euronext Paris,EUR
TRANSITION WARRANT,TRANW.PA,Euronext Paris,EUR
TRIGANO,TRI.PA,Euronext Paris,EUR
TRILOGIQ,ALTRI.PA,Euronext Growth Paris,EUR
TROC ILE,MLTRO.PA,Euronext Access Paris,EUR
TRONICS,ALTRO.PA,Euronext Growth Paris,EUR
TTI,ALTTI.PA,Euronext Growth Paris,EUR
TUBIZE (ATTR),TUBAT.PA,Euronext Expert Market,EUR
TUBIZE-FIN,TUB.PA,Euronext Brussels,EUR
TULLOW OIL PLC,TQW.PA,Euronext Dublin,EUR
TXCOM,ALTXC.PA,Euronext Growth Paris,EUR
U10 CORP,ALU10.PA,Euronext Growth Paris,EUR
UBISOFT ENTERTAIN,UBI.PA,Euronext Paris,EUR
UCAR,ALUCR.PA,Euronext Growth Paris,EUR
UCARE SERVICES BEL,PNSB.PA,Euronext Access Brussels,EUR
UCB,UCB.PA,Euronext Brussels,EUR
UMALIS GROUP,MLUMG.PA,Euronext Access Paris,EUR
UMANIS,ALUMS.PA,Euronext Growth Paris,EUR
UMG,UMG.PA,Euronext Amsterdam,EUR
UMICORE,UMI.PA,Euronext Brussels,EUR
UNI.METALG.HT-SEI.,MLUMH.PA,Euronext Access Paris,EUR
UNIBEL,UNBL.PA,Euronext Paris,EUR
UNIFIEDPOST GROUP,UPG.PA,Euronext Brussels,EUR
UNILEVER,UNA.PA,Euronext Amsterdam,EUR
UNION FIN.FRANCE,UFF.PA,Euronext Paris,EUR
UNION TECH.INFOR.,FPG.PA,Euronext Paris,EUR
UNIPHAR PLC,UPR.PA,Euronext Growth Dublin,EUR
UNITI,ALUNT.PA,Euronext Growth Paris,EUR
UPERGY,ALUPG.PA,Euronext Growth Paris,EUR
UV GERMI,ALUVI.PA,Euronext Growth Paris,EUR
V LANSCHOT KEMPEN,VLK.PA,Euronext Amsterdam,EUR
VAA VISTA ALEGRE,VAF.PA,Euronext Lisbon,EUR
VALBIOTIS,ALVAL.PA,Euronext Growth Paris,EUR
VALEO,FR.PA,Euronext Paris,EUR
VALLOUREC,VK.PA,Euronext Paris,EUR
VALLOUREC BSA 21,VKBS.PA,Euronext Paris,EUR
VALNEVA,VLA.PA,Euronext Paris,EUR
VALONEO,MLVAL.PA,Euronext Access Paris,EUR
VALUE8,VALUE.PA,Euronext Amsterdam,EUR
VALUE8 CUM PREF,PREVA.PA,Euronext Amsterdam,EUR
VAM INVEST SHARES,VAM.PA,Euronext Amsterdam,EUR
VAM INVEST TR SHA,VAMT.PA,Euronext Amsterdam,EUR
VAM INVEST WARRANT,VAMW.PA,Euronext Amsterdam,EUR
VAN DE VELDE,VAN.PA,Euronext Brussels,EUR
VASTNED,VASTN.PA,Euronext Amsterdam,EUR
VASTNED BELGIUM,VASTB.PA,Euronext Brussels,EUR
VENTE UNIQUE.COM,ALVU.PA,Euronext Growth Paris,EUR
VEOLIA ENVIRON.,VIE.PA,Euronext Paris,EUR
VEON,VEON.PA,Euronext Amsterdam,EUR
VERALLIA,VRLA.PA,Euronext Paris,EUR
VERGNET,ALVER.PA,Euronext Growth Paris,EUR
VERIMATRIX,VMX.PA,Euronext Paris,EUR
VERNEY CARRON,MLVER.PA,Euronext Access Paris,EUR
VETOQUINOL,VETO.PA,Euronext Paris,EUR
VGP,VGP.PA,Euronext Brussels,EUR
VIALIFE,ALVIA.PA,Euronext Growth Paris,EUR
VICAT,VCT.PA,Euronext Paris,EUR
VIEL ET COMPAGNIE,VIL.PA,Euronext Paris,EUR
VILMORIN & CIE,RIN.PA,Euronext Paris,EUR
VINCI,DG.PA,Euronext Paris,EUR
VIOHALCO,VIO.PA,Euronext Brussels,EUR
VIRBAC,VIRP.PA,Euronext Paris,EUR
VISIATIV,ALVIV.PA,Euronext Growth Paris,EUR
VISIATIV BS,VIVBS.PA,Euronext Growth Paris,EUR
VISIO NERF,MLVIS.PA,Euronext Access Paris,EUR
VISIODENT,SDT.PA,Euronext Paris,EUR
VISIOMED BSA2018-1,VMGBS.PA,Euronext Growth Paris,EUR
VISIOMED GROUP,ALVMG.PA,Euronext Growth Paris,EUR
VISIOMEDBSA26OCT23,VMGBT.PA,Euronext Growth Paris,EUR
VITURA,VTR.PA,Euronext Paris,EUR
VIVENDI SE,VIV.PA,Euronext Paris,EUR
VIVORYON,VVY.PA,Euronext Amsterdam,EUR
VOGO,ALVGO.PA,Euronext Growth Paris,EUR
VOLKSWAGEN,VWA.PA,Traded not listed Brussels,EUR
VOLKSWAGEN PREF,VWAP.PA,Traded not listed Brussels,EUR
VOLTA FINANCE,VTA.PA,Euronext Amsterdam,EUR
VOLTALIA,VLTSA.PA,Euronext Paris,EUR
VOLUNTIS,ALVTX.PA,Euronext Growth Paris,EUR
VOPAK,VPK.PA,Euronext Amsterdam,EUR
VOYAGEURS DU MONDE,ALVDM.PA,Euronext Growth Paris,EUR
VR EDUCATION HOLD.,6VR.PA,Euronext Growth Dublin,EUR
VREF SEVILLE,MLVRF.PA,Euronext Access Paris,EUR
WALLIX,ALLIX.PA,Euronext Growth Paris,EUR
WAREHOUSES,WEB.PA,Euronext Brussels,EUR
WAVESTONE,WAVE.PA,Euronext Paris,EUR
WE.CONNECT,ALWEC.PA,Euronext Growth Paris,EUR
WEACCESS GROUP,MLWEA.PA,Euronext Access Paris,EUR
WEDIA,ALWED.PA,Euronext Growth Paris,EUR
WELL,MLWEL.PA,Euronext Access Paris,EUR
WENDEL,MF.PA,Euronext Paris,EUR
WERELDHAVE,WHA.PA,Euronext Amsterdam,EUR
WERELDHAVE BELGIUM,WEHB.PA,Euronext Brussels,EUR
WEYA,MLWEY.PA,Euronext Access Paris,EUR
WHITENI R CAJAL,MLWRC.PA,Euronext Access Paris,EUR
WHITESTONE GROUP,ROCK.PA,Euronext Growth Brussels,EUR
WINFARM,ALWF.PA,Euronext Growth Paris,EUR
WITBE,ALWIT.PA,Euronext Growth Paris,EUR
WIZIBOAT,MLWIZ.PA,Euronext Access Paris,EUR
WOL. EXTENS. CERT,WOLE.PA,Euronext Brussels,EUR
WOL. SHOPPING CERT,WOLS.PA,Euronext Brussels,EUR
WOLTERS KLUWER,WKL.PA,Euronext Amsterdam,EUR
WORLDLINE,WLN.PA,Euronext Paris,EUR
X-FAB,XFAB.PA,Euronext Paris,EUR
XILAM ANIMATION,XIL.PA,Euronext Paris,EUR
XIOR,XIOR.PA,Euronext Brussels,EUR
YATRA,YATRA.PA,Euronext Amsterdam,EUR
YEW GROVE REIT PLC,YEW.PA,Euronext Dublin,EUR
ZCCM,MLZAM.PA,Euronext Access Paris,EUR
ZCI LIMITED,CV.PA,Euronext Paris,EUR
ZENOBE GRAMME CERT,ZEN.PA,Euronext Brussels,EUR
HAMMERSON PLC,HMSO.L,Euronext Dublin,GBP
2020 BULKERS,2020.OL,Oslo Brs,NOK
5TH PLANET GAMES,5PG.OL,Euronext Expand Oslo,NOK
AASEN SPAREBANK,AASB.OL,Euronext Growth Oslo,NOK
ABG SUNDAL COLLIER,ABG.OL,Oslo Brs,NOK
ADEVINTA,ADE.OL,Oslo Brs,NOK
ADS MARITIME HOLD,ADS.OL,Euronext Growth Oslo,NOK
AEGA,AEGA.OL,Euronext Expand Oslo,NOK
AEGA TR,AEGAT.OL,Euronext Expand Oslo,NOK
AF GRUPPEN,AFG.OL,Oslo Brs,NOK
AGILYX,AGLX.OL,Euronext Growth Oslo,NOK
AIRTHINGS,AIRX.OL,Euronext Growth Oslo,NOK
AKASTOR,AKAST.OL,Oslo Brs,NOK
AKER,AKER.OL,Oslo Brs,NOK
AKER BIOMARINE,AKBM.OL,Oslo Brs,NOK
AKER BP,AKRBP.OL,Oslo Brs,NOK
AKER CARBON CAPTUR,ACC.OL,Oslo Brs,NOK
AKER CLEAN HYDROGE,ACH.OL,Euronext Growth Oslo,NOK
AKER HORIZONS,AKH.OL,Oslo Brs,NOK
AKER OFFSHORE WIND,AOW.OL,Euronext Growth Oslo,NOK
AKER SOLUTIONS,AKSO.OL,Oslo Brs,NOK
AKOBO MINERALS,AKOBO.OL,Euronext Growth Oslo,NOK
AKVA GROUP,AKVA.OL,Oslo Brs,NOK
ALTERNUS ENERGY GR,ALT.OL,Euronext Growth Oslo,NOK
AMERICAN SHIPPING,AMSC.OL,Oslo Brs,NOK
ANDFJORD SALMON,ANDF.OL,Euronext Growth Oslo,NOK
ANORA GROUP,ANORA.OL,Oslo Brs,NOK
AQUA BIO TECHNO,ABT.OL,Euronext Expand Oslo,NOK
AQUALISBRAEMAR LOC,AQUA.OL,Oslo Brs,NOK
ARCHER,ARCH.OL,Oslo Brs,NOK
ARCTIC BIOSCIENCE,ABS.OL,Euronext Growth Oslo,NOK
ARCTIC FISH HOLDIN,AFISH.OL,Euronext Growth Oslo,NOK
ARCTICZYMES TECHNO,AZT.OL,Oslo Brs,NOK
ARENDALS FOSSEKOMP,AFK.OL,Oslo Brs,NOK
ARGEO,ARGEO.OL,Euronext Growth Oslo,NOK
ARRIBATEC GROUP,ARR.OL,Oslo Brs,NOK
ASETEK,ASTK.OL,Oslo Brs,NOK
ASTROCAST,ASTRO.OL,Euronext Growth Oslo,NOK
ATEA,ATEA.OL,Oslo Brs,NOK
ATLANTIC SAPPHIRE,ASA.OL,Oslo Brs,NOK
AURSKOG SPAREBANK,AURG.OL,Oslo Brs,NOK
AUSTEVOLL SEAFOOD,AUSS.OL,Oslo Brs,NOK
AVANCE GAS HOLDING,AGAS.OL,Oslo Brs,NOK
AWILCO DRILLING,AWDR.OL,Oslo Brs,NOK
AWILCO LNG,ALNG.OL,Euronext Expand Oslo,NOK
AXACTOR,ACR.OL,Oslo Brs,NOK
AYFIE GROUP,AYFIE.OL,Euronext Growth Oslo,NOK
B2HOLDING,B2H.OL,Oslo Brs,NOK
BAKKAFROST,BAKKA.OL,Oslo Brs,NOK
BALTIC SEA PROP,BALT.OL,Euronext Growth Oslo,NOK
BANK NORWEGIAN,BANO.OL,Oslo Brs,NOK
BARRAMUNDI GROUP,BARRA.OL,Euronext Growth Oslo,NOK
BELSHIPS,BELCO.OL,Oslo Brs,NOK
BERGEN CARBON SOL,BCS.OL,Euronext Growth Oslo,NOK
BERGENBIO,BGBIO.OL,Oslo Brs,NOK
BEWI,BEWI.OL,Oslo Brs,NOK
BIOFISH HOLDING,BFISH.OL,Euronext Growth Oslo,NOK
BLACK SEA PROPERTY,BSP.OL,Euronext Growth Oslo,NOK
BONHEUR,BONHR.OL,Oslo Brs,NOK
BORGESTAD,BOR.OL,Oslo Brs,NOK
BORR DRILLING,BORR.OL,Oslo Brs,NOK
BORREGAARD,BRG.OL,Oslo Brs,NOK
BOUVET,BOUV.OL,Oslo Brs,NOK
BRABANK,BRA.OL,Euronext Growth Oslo,NOK
BW ENERGY LIMITED,BWE.OL,Oslo Brs,NOK
BW Epic Kosan,BWEK.OL,Euronext Growth Oslo,NOK
BW IDEOL,BWIDL.OL,Euronext Growth Oslo,NOK
BW LPG,BWLPG.OL,Oslo Brs,NOK
BW OFFSHORE LTD,BWO.OL,Oslo Brs,NOK
BYGGMA,BMA.OL,Oslo Brs,NOK
CADELER,CADLR.OL,Oslo Brs,NOK
CAMBI,CAMBI.OL,Euronext Growth Oslo,NOK
CARASENT,CARA.OL,Oslo Brs,NOK
CARBON TRANSITION,CARBN.OL,Euronext Expand Oslo,NOK
CIRCA GROUP,CIRCA.OL,Euronext Growth Oslo,NOK
CLEAN SEAS SEAFOOD,CSS.OL,Euronext Growth Oslo,NOK
CLOUDBERRY CLEAN,CLOUD.OL,Oslo Brs,NOK
CONTEXTVISION,CONTX.OL,Oslo Brs,NOK
CRAYON GROUP HOLD,CRAYN.OL,Oslo Brs,NOK
CSAM HEALTH GROUP,CSAM.OL,Euronext Growth Oslo,NOK
CYVIZ,CYVIZ.OL,Euronext Growth Oslo,NOK
DEEP VALUE DRILLER,DVD.OL,Euronext Growth Oslo,NOK
DESERT CONTROL,DSRT.OL,Euronext Growth Oslo,NOK
DLT,DLTX.OL,Oslo Brs,NOK
DNB BANK,DNB.OL,Oslo Brs,NOK
DNO,DNO.OL,Oslo Brs,NOK
DOF,DOF.OL,Oslo Brs,NOK
EAM SOLAR,EAM.OL,Euronext Expand Oslo,NOK
ECIT AS B-AKSJER,ECIT.OL,Euronext Growth Oslo,NOK
ECOONLINE HOLDING,ECO.OL,Euronext Growth Oslo,NOK
EIDESVIK OFFSHORE,EIOF.OL,Oslo Brs,NOK
ELECTROMAGNET GEO,EMGS.OL,Oslo Brs,NOK
ELEKTROIMPORTREN,ELIMP.OL,Euronext Growth Oslo,NOK
ELKEM,ELK.OL,Oslo Brs,NOK
ELLIPTIC LABORATOR,ELABS.OL,Euronext Growth Oslo,NOK
ELOP,ELOP.OL,Euronext Growth Oslo,NOK
ELOPAK,ELO.OL,Oslo Brs,NOK
ENDR,ENDUR.OL,Oslo Brs,NOK
ENSURGE MICROPOWER,ENSU.OL,Oslo Brs,NOK
ENTRA,ENTRA.OL,Oslo Brs,NOK
ENVIPCO HOLDING,ENVIP.OL,Euronext Growth Oslo,NOK
EQUINOR,EQNR.OL,Oslo Brs,NOK
EUROPRIS,EPR.OL,Oslo Brs,NOK
EVERFUEL,EFUEL.OL,Euronext Growth Oslo,NOK
EXACT THERAPEUTICS,EXTX.OL,Euronext Growth Oslo,NOK
FJORDKRAFT HOLDING,FKRFT.OL,Oslo Brs,NOK
FLEX LNG,FLNG.OL,Oslo Brs,NOK
FLYR,FLYR.OL,Euronext Growth Oslo,NOK
FRONTLINE,FRO.OL,Oslo Brs,NOK
FRY,FROY.OL,Oslo Brs,NOK
GAMING INNOVATION,GIG.OL,Oslo Brs,NOK
GC RIEBER SHIPPING,RISH.OL,Oslo Brs,NOK
GENTIAN DIAGNOSTIC,GENT.OL,Oslo Brs,NOK
GIGANTE SALMON,GIGA.OL,Euronext Growth Oslo,NOK
GJENSIDIGE FORSIKR,GJF.OL,Oslo Brs,NOK
GNP ENERGY,GNP.OL,Euronext Growth Oslo,NOK
GOLDEN ENERGY OFF,GEOS.OL,Euronext Growth Oslo,NOK
GOLDEN OCEAN GROUP,GOGL.OL,Oslo Brs,NOK
GOODTECH,GOD.OL,Oslo Brs,NOK
GREEN MINERALS,GEM.OL,Euronext Growth Oslo,NOK
GRIEG SEAFOOD,GSF.OL,Oslo Brs,NOK
GRONG SPAREBANK,GRONG.OL,Euronext Growth Oslo,NOK
GYLDENDAL,GYL.OL,Oslo Brs,NOK
HAFNIA LIMITED,HAFNI.OL,Oslo Brs,NOK
HARMONYCHAIN,HMONY.OL,Euronext Growth Oslo,NOK
HAV GROUP,HAV.OL,Euronext Growth Oslo,NOK
HAVILA KYSTRUTEN,HKY.OL,Euronext Growth Oslo,NOK
HAVILA SHIPPING,HAVI.OL,Oslo Brs,NOK
HAVYARD GROUP,HYARD.OL,Oslo Brs,NOK
HEXAGON COMPOSITES,HEX.OL,Oslo Brs,NOK
HEXAGON PURUS,HPUR.OL,Euronext Growth Oslo,NOK
HOFSETH BIOCARE,HBC.OL,Oslo Brs,NOK
HLAND OG SETSKOG,HSPG.OL,Oslo Brs,NOK
HORISONT ENERGI,HRGI.OL,Euronext Growth Oslo,NOK
HOUSE OF CONTROL,HOC.OL,Euronext Growth Oslo,NOK
HUDDLESTOCK FINTEC,HUDL.OL,Euronext Growth Oslo,NOK
HUDDLY,HDLY.OL,Euronext Growth Oslo,NOK
HUNTER GROUP,HUNT.OL,Euronext Expand Oslo,NOK
HYDROGENPRO,HYPRO.OL,Euronext Growth Oslo,NOK
HYNION,HYN.OL,Euronext Growth Oslo,NOK
ICE FISH FARM,IFISH.OL,Euronext Growth Oslo,NOK
ICE GROUP,ICEGR.OL,Euronext Expand Oslo,NOK
ICELANDIC SALMON,ISLAX.OL,Euronext Growth Oslo,NOK
IDEX BIOMETRICS,IDEX.OL,Oslo Brs,NOK
INDUCT,INDCT.OL,Euronext Growth Oslo,NOK
INSR INSURANCE GP,INSR.OL,Oslo Brs,NOK
INSTABANK,INSTA.OL,Euronext Growth Oslo,NOK
INTEGRATED WIND SO,IWS.OL,Euronext Growth Oslo,NOK
INTEROIL EXPL PROD,IOX.OL,Oslo Brs,NOK
ITERA,ITERA.OL,Oslo Brs,NOK
JREN SPAREBANK,JAREN.OL,Oslo Brs,NOK
JINHUI SHIPP TRANS,JIN.OL,Oslo Brs,NOK
KAHOOT!,KAHOT.OL,Oslo Brs,NOK
KALERA,KAL.OL,Euronext Growth Oslo,NOK
KID,KID.OL,Oslo Brs,NOK
KITRON,KIT.OL,Oslo Brs,NOK
KLAVENESS COMBINAT,KCC.OL,Euronext Expand Oslo,NOK
KMC PROPERTIES,KMCP.OL,Oslo Brs,NOK
KOMPLETT,KOMPL.OL,Oslo Brs,NOK
KOMPLETT BANK,KOMP.OL,Oslo Brs,NOK
KONGSBERG AUTOMOT,KOA.OL,Oslo Brs,NOK
KONGSBERG GRUPPEN,KOG.OL,Oslo Brs,NOK
KRAFT BANK,KRAB.OL,Euronext Growth Oslo,NOK
KYOTO GROUP,KYOTO.OL,Euronext Growth Oslo,NOK
LERY SEAFOOD GP,LSG.OL,Oslo Brs,NOK
LIFECARE,LIFE.OL,Euronext Growth Oslo,NOK
LINK MOBILITY GRP,LINK.OL,Oslo Brs,NOK
LYTIX BIOPHARMA,LYTIX.OL,Euronext Growth Oslo,NOK
M VEST WATER,MVW.OL,Euronext Growth Oslo,NOK
MAGNORA,MGN.OL,Oslo Brs,NOK
MAGSEIS FAIRFIELD,MSEIS.OL,Oslo Brs,NOK
MSVAL,MAS.OL,Euronext Growth Oslo,NOK
MEDISTIM,MEDI.OL,Oslo Brs,NOK
MELHUS SPAREBANK,MELG.OL,Oslo Brs,NOK
MELTWATER,MWTR.OL,Euronext Growth Oslo,NOK
MERCELL HOLDING,MRCEL.OL,Oslo Brs,NOK
MINTRA HOLDING,MNTR.OL,Euronext Growth Oslo,NOK
MOWI,MOWI.OL,Oslo Brs,NOK
MPC CONTAINER SHIP,MPCC.OL,Oslo Brs,NOK
MPC ENERGY SOLUTIO,MPCES.OL,Euronext Growth Oslo,NOK
MULTICONSULT,MULTI.OL,Oslo Brs,NOK
NAPATECH,NAPA.OL,Oslo Brs,NOK
NAVAMEDIC,NAVA.OL,Oslo Brs,NOK
NEKKAR,NKR.OL,Oslo Brs,NOK
NEL,NEL.OL,Oslo Brs,NOK
NETOIL CAPITAL,NOC.OL,Euronext Growth Oslo,NOK
NEXT BIOMETRICS GP,NEXT.OL,Oslo Brs,NOK
NIDAROS SPAREBANK,NISB.OL,Euronext Growth Oslo,NOK
NORBIT,NORBT.OL,Oslo Brs,NOK
NORCOD,NCOD.OL,Euronext Growth Oslo,NOK
NORDHEALTH A-AKSJE,NORDH.OL,Euronext Growth Oslo,NOK
NORDIC AQUA PART,NOAP.OL,Euronext Growth Oslo,NOK
NORDIC HALIBUT,NOHAL.OL,Euronext Growth Oslo,NOK
NORDIC MINING,NOM.OL,Euronext Expand Oslo,NOK
NORDIC NANOVECTOR,NANOV.OL,Oslo Brs,NOK
NORDIC SEMICONDUC,NOD.OL,Oslo Brs,NOK
NORDIC UNMANNED,NUMND.OL,Euronext Growth Oslo,NOK
NORSE ATLANTIC,NORSE.OL,Euronext Growth Oslo,NOK
NORSK HYDRO,NHY.OL,Oslo Brs,NOK
NORSK SOLAR,NSOL.OL,Euronext Growth Oslo,NOK
NORSK TITANIUM,NTI.OL,Euronext Growth Oslo,NOK
NORSKE SKOG,NSKOG.OL,Oslo Brs,NOK
NORTEL,NTEL.OL,Euronext Growth Oslo,NOK
NORTH ENERGY,NORTH.OL,Euronext Expand Oslo,NOK
NORTHERN DRILLING,NODL.OL,Oslo Brs,NOK
NORTHERN OCEAN LTD,NOL.OL,Oslo Brs,NOK
NORWAY ROYALSALMON,NRS.OL,Oslo Brs,NOK
NORWEGIAN AIR SHUT,NAS.OL,Oslo Brs,NOK
NORWEGIAN ENERGY,NOR.OL,Oslo Brs,NOK
NRC GROUP,NRC.OL,Oslo Brs,NOK
NTS,NTS.OL,Oslo Brs,NOK
OBSERVE MEDICAL,OBSRV.OL,Euronext Expand Oslo,NOK
OCEAN SUN,OSUN.OL,Euronext Growth Oslo,NOK
OCEAN YIELD,OCY.OL,Oslo Brs,NOK
OCEANTEAM,OTS.OL,Oslo Brs,NOK
ODFJELL DRILLING,ODL.OL,Oslo Brs,NOK
ODFJELL SER. A,ODF.OL,Oslo Brs,NOK
ODFJELL SER. B,ODFB.OL,Oslo Brs,NOK
OKEA,OKEA.OL,Oslo Brs,NOK
OKEANIS ECO TANKER,OET.OL,Oslo Brs,NOK
OLAV THON EIENDOMS,OLT.OL,Oslo Brs,NOK
ORKLA,ORK.OL,Oslo Brs,NOK
RN SOFTWARE HLD.,ORN.OL,Euronext Growth Oslo,NOK
OTELLO CORPORATION,OTEC.OL,Oslo Brs,NOK
OTOVO,OTOVO.OL,Euronext Growth Oslo,NOK
PANORO ENERGY,PEN.OL,Oslo Brs,NOK
PARETO BANK,PARB.OL,Oslo Brs,NOK
PATIENTSKY GROUP,PSKY.OL,Euronext Growth Oslo,NOK
PCI BIOTECH HOLD,PCIB.OL,Oslo Brs,NOK
PETROLIA,PSE.OL,Oslo Brs,NOK
PETRONOR E&P LTD,PNOR.OL,Euronext Expand Oslo,NOK
PEXIP HOLDING,PEXIP.OL,Oslo Brs,NOK
PGS,PGS.OL,Oslo Brs,NOK
PHILLY SHIPYARD,PHLY.OL,Euronext Expand Oslo,NOK
PHOTOCURE,PHO.OL,Oslo Brs,NOK
PIONEER PROPERTY,PPG.OL,Euronext Expand Oslo,NOK
PLAY MAGNUS,PMG.OL,Euronext Growth Oslo,NOK
POLARIS MEDIA,POL.OL,Oslo Brs,NOK
POLIGHT,PLT.OL,Oslo Brs,NOK
PROSAFE,PRS.OL,Oslo Brs,NOK
PROTECTOR FORSIKRG,PROT.OL,Oslo Brs,NOK
PROXIMAR SEAFOOD,PROXI.OL,Euronext Growth Oslo,NOK
PRYME,PRYME.OL,Euronext Growth Oslo,NOK
PYRUM INNOVATIONS,PYRUM.OL,Euronext Growth Oslo,NOK
Q-FREE,QFR.OL,Oslo Brs,NOK
QUANTAFUEL,QFUEL.OL,Euronext Growth Oslo,NOK
QUESTBACK GROUP,QUEST.OL,Euronext Growth Oslo,NOK
QUESTERRE ENERGY,QEC.OL,Oslo Brs,NOK
R8 PROPERTY,R8P.OL,Euronext Growth Oslo,NOK
RAK PETROLEUM,RAKP.OL,Oslo Brs,NOK
RANA GRUBER,RANA.OL,Euronext Growth Oslo,NOK
REACH SUBSEA,REACH.OL,Oslo Brs,NOK
REC SILICON,RECSI.OL,Oslo Brs,NOK
RIVER TECH,RIVER.OL,Euronext Growth Oslo,NOK
ROMERIKE SPAREBK,ROMER.OL,Euronext Growth Oslo,NOK
ROMREAL,ROM.OL,Euronext Expand Oslo,NOK
ROMSDAL SPAREBANK,ROMSB.OL,Euronext Growth Oslo,NOK
SAGA PURE,SAGA.OL,Oslo Brs,NOK
SALMAR,SALM.OL,Oslo Brs,NOK
SALMON EVOLUTION,SALME.OL,Oslo Brs,NOK
SALMONES CAMANCH,SACAM.OL,Oslo Brs,NOK
SANDNES SPAREBANK,SADG.OL,Oslo Brs,NOK
SAS AB,SASNO.OL,Oslo Brs,NOK
SATS,SATS.OL,Oslo Brs,NOK
SBANKEN,SBANK.OL,Oslo Brs,NOK
SCANA,SCANA.OL,Oslo Brs,NOK
SCATEC,SCATC.OL,Oslo Brs,NOK
SCHIBSTED SER. A,SCHA.OL,Oslo Brs,NOK
SCHIBSTED SER. B,SCHB.OL,Oslo Brs,NOK
SD STAND DRILLING,SDSD.OL,Oslo Brs,NOK
SEABIRD EXPLORAT,GEG.OL,Oslo Brs,NOK
SEADRILL,SDRL.OL,Oslo Brs,NOK
SEAWAY 7,SEAW7.OL,Euronext Growth Oslo,NOK
SELF STORAGE GROUP,SSG.OL,Oslo Brs,NOK
SELVAAG BOLIG,SBO.OL,Oslo Brs,NOK
SHELF DRILLING,SHLF.OL,Oslo Brs,NOK
SIEM OFFSHORE,SIOFF.OL,Oslo Brs,NOK
SIKRI HOLDING,SIKRI.OL,Euronext Growth Oslo,NOK
SKANDIA GREENPOWER,SKAND.OL,Euronext Growth Oslo,NOK
SKITUDE HOLDING,SKI.OL,Euronext Growth Oslo,NOK
SKUE SPAREBANK,SKUE.OL,Oslo Brs,NOK
SMARTCRAFT,SMCRT.OL,Oslo Brs,NOK
SMARTOPTICS GROUP,SMOP.OL,Euronext Growth Oslo,NOK
SOFTOX SOLUTIONS,SOFTX.OL,Euronext Growth Oslo,NOK
SOGN SPAREBANK,SOGN.OL,Oslo Brs,NOK
SOLON EIENDOM,SOLON.OL,Oslo Brs,NOK
SOLSTAD OFFSHORE,SOFF.OL,Oslo Brs,NOK
SONANS HOLDING,SOHO.OL,Euronext Growth Oslo,NOK
SPARBNK 68 GR NORD,SB68.OL,Euronext Growth Oslo,NOK
SPAREBANK 1 SMN,MING.OL,Oslo Brs,NOK
SPAREBANK 1 SR,SOON.OL,Oslo Brs,NOK
SPAREBANK 1 SR-BK,SRBNK.OL,Oslo Brs,NOK
SPAREBANKEN MRE,MORG.OL,Oslo Brs,NOK
SPAREBANKEN ST,SPOG.OL,Oslo Brs,NOK
SPAREBANKEN SR,SOR.OL,Oslo Brs,NOK
SPAREBANKEN VEST,SVEG.OL,Oslo Brs,NOK
SPBK 1 NORDMRE,SNOR.OL,Oslo Brs,NOK
SPBK 1 STLANDET,SPOL.OL,Oslo Brs,NOK
SPBK1 HELGELAND,HELG.OL,Oslo Brs,NOK
SPBK1 NORD-NORGE,NONG.OL,Oslo Brs,NOK
SPBK1 STFOLD AKE,SOAG.OL,Oslo Brs,NOK
SPBK1 RINGERIKE,RING.OL,Oslo Brs,NOK
STATT TORSK,STATT.OL,Euronext Growth Oslo,NOK
STOLT-NIELSEN,SNI.OL,Oslo Brs,NOK
STOREBRAND,STB.OL,Oslo Brs,NOK
STRONGPOINT,STRO.OL,Oslo Brs,NOK
SUBSEA 7,SUBC.OL,Oslo Brs,NOK
SUNNDAL SPAREBANK,SUNSB.OL,Euronext Growth Oslo,NOK
TARGOVAX,TRVX.OL,Oslo Brs,NOK
TECHSTEP,TECH.OL,Oslo Brs,NOK
TECO 2030,TECO.OL,Euronext Growth Oslo,NOK
TEKNA HOLDING,TEKNA.OL,Euronext Growth Oslo,NOK
TELENOR,TEL.OL,Oslo Brs,NOK
TGS,TGS.OL,Oslo Brs,NOK
THE KINGFISH COMP,KING.OL,Euronext Growth Oslo,NOK
TIETOEVRY,TIETO.OL,Oslo Brs,NOK
TOMRA SYSTEMS,TOM.OL,Oslo Brs,NOK
TOTENS SPAREBANK,TOTG.OL,Oslo Brs,NOK
TREASURE,TRE.OL,Oslo Brs,NOK
TYSNES SPAREBANK,TYSB.OL,Euronext Growth Oslo,NOK
ULTIMOVACS,ULTI.OL,Oslo Brs,NOK
VACCIBODY,VACC.OL,Euronext Growth Oslo,NOK
VEIDEKKE,VEI.OL,Oslo Brs,NOK
VISTIN PHARMA,VISTN.OL,Oslo Brs,NOK
VOLUE,VOLUE.OL,Oslo Brs,NOK
VOSS VEKSEL OGLAND,VVL.OL,Oslo Brs,NOK
VOW,VOW.OL,Oslo Brs,NOK
VOW GREEN METALS,VGM.OL,Euronext Growth Oslo,NOK
WALLENIUS WILHELMS,WAWI.OL,Oslo Brs,NOK
WEBSTEP,WSTEP.OL,Oslo Brs,NOK
WESTERN BULK CHART,WEST.OL,Euronext Growth Oslo,NOK
WILH. WILHELMSEN A,WWI.OL,Oslo Brs,NOK
WILH. WILHELMSEN B,WWIB.OL,Oslo Brs,NOK
WILSON,WILS.OL,Oslo Brs,NOK
XPLORA TECHNOLOGIE,XPLRA.OL,Euronext Growth Oslo,NOK
XXL,XXL.OL,Oslo Brs,NOK
YARA INTERNATIONAL,YAR.OL,Oslo Brs,NOK
ZALARIS,ZAL.OL,Oslo Brs,NOK
ZAPTEC,ZAP.OL,Euronext Growth Oslo,NOK
ZENITH ENERGY,ZENA.OL,Euronext Growth Oslo,NOK
ZWIPE,ZWIPE.OL,Euronext Growth Oslo,NOK
ABO GROUP,ABO.PA,Euronext Brussels,
ADUX,ADUX.PA,Euronext Paris,
ADVICENNE,ADVIC.PA,Euronext Paris,
AEDIFICA,AED.PA,Euronext Brussels,
AHOLD DEL,AD.AS,Euronext Amsterdam,
AIR FRANCE -KLM,AF.PA,Euronext Paris,
AKKA TECHNOLOGIES,AKA.PA,Euronext Paris,
APERAM,APAM.AS,Euronext Amsterdam,
ARCELORMITTAL SA,MT.AS,Euronext Amsterdam,
ASIT,ASIT.PA,Euronext Brussels,
AUDIOVALLEY,ALAVY.PA,Euronext Growth Paris,
AVANTIUM,AVTX.AS,Euronext Amsterdam,
BONE THERAPEUTICS,BOTHE.PA,Euronext Brussels,
CELYAD ONCOLOGY,CYAD.PA,Euronext Brussels,
ENGIE,ENGI.PA,Euronext Paris,
ESPERITE,ESP.AS,Euronext Amsterdam,
EUROCOMMERCIAL,ECMPA.AS,Euronext Amsterdam,
EURONEXT,ENX.PA,Euronext Paris,
FAGRON,FAGR.PA,Euronext Brussels,
FNG NV,FNG.PA,Euronext Brussels,
GALAPAGOS,GLPG.AS,Euronext Amsterdam,
ING GROEP N.V.,INGA.AS,Euronext Amsterdam,
MONTEA,MONT.PA,Euronext Brussels,
RETAIL ESTATES,RET.PA,Euronext Brussels,
SAINT GOBAIN,SGO.PA,Euronext Paris,
SOLVAY,SOLB.PA,Euronext Brussels,
SUEZ,SEV.PA,Euronext Paris,
THERAVET,ALVET.PA,Euronext Growth Paris,
TITAN CEMENT,TITC.PA,Euronext Brussels,
TOTALENERGIES,TTE.PA,Euronext Paris,
UNIBAIL-RODAMCO-WE,URW.AS,Euronext Amsterdam,
VRANKEN-POMMERY,VRAP.PA,Euronext Paris,
WDP,WDP.PA,Euronext Brussels,
